User,Tweet Count,Tweet Text,Date,Compound,Positive,Neutral,Negative
@BBC,0,"A young woman investigates the historic disappearance of a girl from a small Welsh village, unraveling her own iden… https://t.co/AIDZipzjwH",2018-02-02 20:04:03+00:00,0.0,0.0,0.0,1.0
@BBC,1,"Tonight, @NigelSlater cooks and eats with the people of Lebanon as he discovers the secrets of the world's oldest c… https://t.co/1Rej75YenD",2018-02-02 19:32:04+00:00,0.0,0.0,0.0,1.0
@BBC,2,"? Ever heard of the Russian martial art 'Systema'?

#McMafia | Sundays 9pm | @BBCOne https://t.co/VUgqTDg06A",2018-02-02 19:00:07+00:00,0.0,0.0,0.0,1.0
@BBC,3,"?? When toast gets really tasty...

Here are nine ways to turn toast into a satisfying meal.
?… https://t.co/OIKqSyHPuM",2018-02-02 18:30:06+00:00,0.4588,0.15,0.0,0.85
@BBC,4,"'Oh hey............ man.'

? When you run into someone you used to know at school. https://t.co/K49xzg5hKQ",2018-02-02 17:31:01+00:00,0.0,0.0,0.0,1.0
@BBC,5,"?THAT'S MY JAM!

(? Sound on for this one!)
#FridayFeeling https://t.co/eUNZq3mi2O",2018-02-02 16:00:08+00:00,0.0,0.0,0.0,1.0
@BBC,6,"RT @BBCR1: What would you say to your favourite band in the world?

Stephanie gets a special message from @BTS_twt, whose music inspired he…",2018-02-02 15:26:30+00:00,0.7096,0.219,0.0,0.781
@BBC,7,"RT @bbcgetinspired: Tag your mates, start your own five-a-side team and sign up for the #FAPeoplesCup ? https://t.co/IEW5sKzv9F

@SamanthaQ…",2018-02-02 15:25:20+00:00,0.0,0.0,0.0,1.0
@BBC,8,"RT @BBCOne: All is not what it seems…
Question EVERYTHING.

? #Requiem • 9pm • BBC One
? https://t.co/2qvuR1whES https://t.co/rK5WdlK7vv",2018-02-02 14:43:00+00:00,0.0,0.0,0.0,1.0
@BBC,9,RT @bbcthree: Katie went from being a cheerleader to becoming one of the world's most recognisable freerunners. https://t.co/qs0PefQ1S3,2018-02-02 14:42:56+00:00,0.2263,0.106,0.0,0.894
@BBC,10,"?Missing #Winterwatch already?

Head to the BBC homepage to find a selection of @ChrisGPackham’s favourite moments… https://t.co/cEYJ6tNw8p",2018-02-02 14:30:05+00:00,0.0,0.0,0.0,1.0
@BBC,11,"RT @BBCSportWales: .@Nigelrefowens commands respect on the rugby field.

But does he need an agent? ?

This is ""Nige"" - Chapter 1: The Reun…",2018-02-02 14:03:25+00:00,0.4767,0.129,0.0,0.871
@BBC,12,"??? How to live life like a hedonist. 
? https://t.co/Dg8w8YHztM https://t.co/iUAgQZMLGH",2018-02-02 14:00:09+00:00,0.3612,0.238,0.0,0.762
@BBC,13,"? It’s long been thought that the ability to roll your tongue is a clear-cut case of genetics. 

@BBC_Future finds… https://t.co/Xs37m1gp6A",2018-02-02 13:30:09+00:00,0.3182,0.113,0.0,0.887
@BBC,14,"? Why do we say 'hello'? 
? Dr Laura Wright explains the origins of the word.
? https://t.co/CWWSObbDLz https://t.co/6YaSSOdTxd",2018-02-02 13:04:04+00:00,0.0,0.0,0.0,1.0
@BBC,15,Four things you'll only know if you play netball. ? https://t.co/w2Nd81iWmK,2018-02-02 12:30:02+00:00,0.34,0.211,0.0,0.789
@BBC,16,"??? #AnimalsWithCameras: Capturing the secrets of the wild. 
? https://t.co/0rEkuFUv93 https://t.co/nvV9jgqXHe",2018-02-02 12:00:06+00:00,0.0,0.0,0.0,1.0
@BBC,17,"RT @BBCOne: When penguins... HONK!... interrupt... HONK!... your TV interview... HONK! ? ? 

#AnimalsWithCameras. Thursdays at 8pm on @BBCO…",2018-02-02 11:42:04+00:00,0.0,0.0,0.0,1.0
@BBC,18,? Not everyone is upset that parts of Paris are still under water. https://t.co/5piIQ5YiPn,2018-02-02 09:42:20+00:00,-0.3818,0.0,0.178,0.822
@BBC,19,"RT @bbcweather: It's #GroundhogDay today. If a groundhog emerges from his burrow and sees his shadow, legend has it winter will continue fo…",2018-02-02 09:38:47+00:00,0.0,0.0,0.0,1.0
@BBC,20,"A young woman investigates the historic disappearance of a girl from a small Welsh village, unraveling her own iden… https://t.co/AIDZipzjwH",2018-02-02 20:04:03+00:00,0.0,0.0,0.0,1.0
@BBC,21,"Tonight, @NigelSlater cooks and eats with the people of Lebanon as he discovers the secrets of the world's oldest c… https://t.co/1Rej75YenD",2018-02-02 19:32:04+00:00,0.0,0.0,0.0,1.0
@BBC,22,"? Ever heard of the Russian martial art 'Systema'?

#McMafia | Sundays 9pm | @BBCOne https://t.co/VUgqTDg06A",2018-02-02 19:00:07+00:00,0.0,0.0,0.0,1.0
@BBC,23,"?? When toast gets really tasty...

Here are nine ways to turn toast into a satisfying meal.
?… https://t.co/OIKqSyHPuM",2018-02-02 18:30:06+00:00,0.4588,0.15,0.0,0.85
@BBC,24,"'Oh hey............ man.'

? When you run into someone you used to know at school. https://t.co/K49xzg5hKQ",2018-02-02 17:31:01+00:00,0.0,0.0,0.0,1.0
@BBC,25,"?THAT'S MY JAM!

(? Sound on for this one!)
#FridayFeeling https://t.co/eUNZq3mi2O",2018-02-02 16:00:08+00:00,0.0,0.0,0.0,1.0
@BBC,26,"RT @BBCR1: What would you say to your favourite band in the world?

Stephanie gets a special message from @BTS_twt, whose music inspired he…",2018-02-02 15:26:30+00:00,0.7096,0.219,0.0,0.781
@BBC,27,"RT @bbcgetinspired: Tag your mates, start your own five-a-side team and sign up for the #FAPeoplesCup ? https://t.co/IEW5sKzv9F

@SamanthaQ…",2018-02-02 15:25:20+00:00,0.0,0.0,0.0,1.0
@BBC,28,"RT @BBCOne: All is not what it seems…
Question EVERYTHING.

? #Requiem • 9pm • BBC One
? https://t.co/2qvuR1whES https://t.co/rK5WdlK7vv",2018-02-02 14:43:00+00:00,0.0,0.0,0.0,1.0
@BBC,29,RT @bbcthree: Katie went from being a cheerleader to becoming one of the world's most recognisable freerunners. https://t.co/qs0PefQ1S3,2018-02-02 14:42:56+00:00,0.2263,0.106,0.0,0.894
@BBC,30,"?Missing #Winterwatch already?

Head to the BBC homepage to find a selection of @ChrisGPackham’s favourite moments… https://t.co/cEYJ6tNw8p",2018-02-02 14:30:05+00:00,0.0,0.0,0.0,1.0
@BBC,31,"RT @BBCSportWales: .@Nigelrefowens commands respect on the rugby field.

But does he need an agent? ?

This is ""Nige"" - Chapter 1: The Reun…",2018-02-02 14:03:25+00:00,0.4767,0.129,0.0,0.871
@BBC,32,"??? How to live life like a hedonist. 
? https://t.co/Dg8w8YHztM https://t.co/iUAgQZMLGH",2018-02-02 14:00:09+00:00,0.3612,0.238,0.0,0.762
@BBC,33,"? It’s long been thought that the ability to roll your tongue is a clear-cut case of genetics. 

@BBC_Future finds… https://t.co/Xs37m1gp6A",2018-02-02 13:30:09+00:00,0.3182,0.113,0.0,0.887
@BBC,34,"? Why do we say 'hello'? 
? Dr Laura Wright explains the origins of the word.
? https://t.co/CWWSObbDLz https://t.co/6YaSSOdTxd",2018-02-02 13:04:04+00:00,0.0,0.0,0.0,1.0
@BBC,35,Four things you'll only know if you play netball. ? https://t.co/w2Nd81iWmK,2018-02-02 12:30:02+00:00,0.34,0.211,0.0,0.789
@BBC,36,"??? #AnimalsWithCameras: Capturing the secrets of the wild. 
? https://t.co/0rEkuFUv93 https://t.co/nvV9jgqXHe",2018-02-02 12:00:06+00:00,0.0,0.0,0.0,1.0
@BBC,37,"RT @BBCOne: When penguins... HONK!... interrupt... HONK!... your TV interview... HONK! ? ? 

#AnimalsWithCameras. Thursdays at 8pm on @BBCO…",2018-02-02 11:42:04+00:00,0.0,0.0,0.0,1.0
@BBC,38,? Not everyone is upset that parts of Paris are still under water. https://t.co/5piIQ5YiPn,2018-02-02 09:42:20+00:00,-0.3818,0.0,0.178,0.822
@BBC,39,"RT @bbcweather: It's #GroundhogDay today. If a groundhog emerges from his burrow and sees his shadow, legend has it winter will continue fo…",2018-02-02 09:38:47+00:00,0.0,0.0,0.0,1.0
@BBC,40,"? The accidental ‘insurance policy’ that might just save the endangered Scottish wildcat from extinction. 
?… https://t.co/mJuJ05osWA",2018-02-02 09:01:03+00:00,0.4404,0.173,0.07,0.757
@BBC,41,What can Dr Love teach you about sex? https://t.co/yFkp8NHiV8,2018-02-02 08:40:01+00:00,0.6369,0.344,0.0,0.656
@BBC,42,"Alex La Guma was an activist writer from Cape Town who fought for freedom and stood trial with Nelson Mandela.
?… https://t.co/fqEcmbE9n4",2018-02-02 08:20:04+00:00,0.4404,0.158,0.087,0.755
@BBC,43,? A look into the world of incredibly life-like dolls known as 'reborn babies'. https://t.co/1IqNb832Me,2018-02-02 08:00:02+00:00,0.0,0.0,0.0,1.0
@BBC,44,"? Why did our ancestors eat meat? ?
? https://t.co/mujexNvff4 https://t.co/leiebK58dy",2018-02-02 07:39:03+00:00,0.0,0.0,0.0,1.0
@BBC,45,"RT @BBCSpringwatch: White stoat taking an egg for a walk!

This beautiful stoat in ermine stole 14 eggs from a house in Dalwhinnie! 

#Wint…",2018-02-01 20:05:41+00:00,0.6688,0.176,0.0,0.824
@BBC,46,RT @BBCNewsbeat: When you realise it's no longer January https://t.co/7zUxH8lzBI,2018-02-01 20:03:14+00:00,-0.296,0.0,0.196,0.804
@BBC,47,"RT @bbcgetinspired: Quick! Get your five-a-side team together and sign up for the #FAPeoplesCup

What are you waiting for? ? https://t.co/c…",2018-02-01 20:02:07+00:00,0.0,0.0,0.0,1.0
@BBC,48,"RT @BBCBreakfast: Happiness at school is more important than academic qualifications.
That's according to a major report from the @LSEnews…",2018-02-01 20:01:47+00:00,0.6901,0.251,0.0,0.749
@BBC,49,? Wildlife film-maker @gordonjbuchanan explores the secret lives of animals through their eyes.… https://t.co/f4YdvUCcae,2018-02-01 19:00:06+00:00,0.0,0.0,0.0,1.0
@BBC,50,"Get yourself a quick protein fix with these delicious recipes. ?
? https://t.co/y3M30b6Y1x https://t.co/C5a26fXNfO",2018-02-01 18:30:08+00:00,0.5719,0.27,0.0,0.73
@BBC,51,"RT @cbbc: The lovely @NewHopeClub helped #BluePeter open the amazing #birthday post for the 5000 show!

#mail #post #boyband #thursdaythoug…",2018-02-01 18:04:00+00:00,0.8356,0.305,0.0,0.695
@BBC,52,?? Meet the 'Salmon Sisters' - two fisherwomen braving rough seas to make a living. https://t.co/Gvgna1ox33,2018-02-01 18:01:01+00:00,0.0,0.0,0.0,1.0
@BBC,53,RT @bbc5live: “It isn’t about keeping us off the streets. It is about giving us the same opportunity to do whatever anyone else is doing.”…,2018-02-01 17:32:28+00:00,0.6369,0.184,0.0,0.816
@BBC,54,"???? How well would you do on a Harry Potter Mastermind round?
? https://t.co/8RXB6xezdW https://t.co/RbA7Badqxa",2018-02-01 17:30:11+00:00,0.2732,0.149,0.0,0.851
@BBC,55,"RT @BBC6Music: ""...your whole skin is like an eardrum... "" 
Before visiting @LaurenLaverne, David Byrne (@DBtodomundo) watched the BBC's Bl…",2018-02-01 17:07:07+00:00,0.3612,0.122,0.0,0.878
@BBC,56,"If you're still struggling to do the downward dog, you've got your work cut out. She's 98 by the way. ?? https://t.co/6HBcSsungS",2018-02-01 17:02:02+00:00,-0.5994,0.0,0.197,0.803
@BBC,57,"?? Remember this classic moment? 

?? The 5,000th episode of #BluePeter is at 5.30pm today!   https://t.co/NqcikyNKEU",2018-02-01 15:30:03+00:00,0.0,0.0,0.0,1.0
@BBC,58,"'It was very uplifting.'

??? A new play is recreating the final months of David Bowie's life. ?… https://t.co/wifJm3f7sC",2018-02-01 14:53:04+00:00,0.34,0.124,0.0,0.876
@BBC,59,A killer whale that can mimic words such as 'hello' and 'bye bye' is thought to be the first of its kind to copy hu… https://t.co/Bqm8LkHeoF,2018-02-01 14:00:11+00:00,-0.2263,0.111,0.14,0.749
@BBC,60,"RT @BBCRadio2: ? ""If you're always reacting to stuff coming in, you're not often having your own original thoughts""

On #TimeToTalk Day, @j…",2018-02-01 13:40:09+00:00,0.3182,0.099,0.0,0.901
@BBC,61,"? For 32 years, fake news stopped women competing in track events at the Olympics.
#QI https://t.co/X191YVfhTt",2018-02-01 13:33:02+00:00,-0.6124,0.0,0.263,0.737
@BBC,62,"RT @bbccomedy: #BigCats is a lot weirder than we thought tbh, @BBCOne . ? https://t.co/8m0BNrP0pi",2018-02-01 13:23:42+00:00,-0.128,0.0,0.12,0.88
@BBC,63,"RT @BBCSpringwatch: Cairngorms - A Wintery Wildlife Wonderland

#Winterwatch https://t.co/bLFBP6u29f",2018-02-01 13:23:03+00:00,0.0,0.0,0.0,1.0
@BBC,64,"RT @cbbc: We want 5000 loves for 5000 #BluePeter shows! Like &amp; share if you had a badge or loved it!

@RealSarahGreene @missjanetellis @Mar…",2018-02-01 13:19:16+00:00,0.9214,0.441,0.0,0.559
@BBC,65,"RT @bbcworldservice: ""People ask me if I shower in my hijab."" #WorldHijabDay https://t.co/HRIaGg3xkb",2018-02-01 13:09:56+00:00,0.0,0.0,0.0,1.0
@BBC,66,?? A group of students have used the power of maths to create the perfect roast potato and now we're really hungry.… https://t.co/oPVWhZ4UXL,2018-02-01 13:00:07+00:00,0.7003,0.225,0.0,0.775
@BBC,67,"RT @bbcthree: Meet #TheYoungOffenders. They're sort of like that Robin Hood fella; they rob bikes from the rich, and sell them back to 'em.…",2018-02-01 12:37:56+00:00,0.2975,0.191,0.118,0.691
@BBC,68,"RT @bbcgetinspired: Think you can do better than the England women? - sign up for the #FAPeoplesCup

All the details you need are here: htt…",2018-02-01 12:34:29+00:00,0.4404,0.112,0.0,0.888
@BBC,69,Could starting an avalanche save your life? https://t.co/iAegidgaOg,2018-02-01 12:30:09+00:00,0.4939,0.314,0.0,0.686
@BBC,70,"Why are wild theories about contrails and other phenomena so persistent on social media?
? https://t.co/wENYkqooCP https://t.co/CpODezFnhh",2018-02-01 12:00:11+00:00,0.0,0.0,0.0,1.0
@BBC,71,Here's what the #SuperBlueBloodMoon looked like around the world last night. ? ? https://t.co/204X0f0Auc https://t.co/j1ZtOLrWUM,2018-02-01 11:31:08+00:00,0.3612,0.172,0.0,0.828
@BBC,72,"??? Which of these garden birds are you most like? Take this quiz and find out!
? https://t.co/dzO2BXY4lj https://t.co/l3cvAQdpXQ",2018-02-01 10:48:03+00:00,0.474,0.154,0.0,0.846
@BBC,73,"?? Happy 24th birthday to this talented guy!
#HappyBirthdayHarry https://t.co/tfH8uFZ5Q3",2018-02-01 10:39:17+00:00,0.8346,0.496,0.0,0.504
@BBC,74,"Mental illnesses often have invisible symptoms. Can VR help people show what's going on inside their heads, for rea… https://t.co/jaTJNrcqTG",2018-02-01 10:00:06+00:00,-0.128,0.113,0.134,0.753
@BBC,75,"? From Monica McWilliams to Madeha Al Ajroush, here are five remarkable women who broke the glass ceiling. 
?… https://t.co/BNnV6PuRM1",2018-02-01 09:29:03+00:00,0.2023,0.154,0.12,0.726
@BBC,76,?? #SuperBlueBloodMoon provides astronomical spectacle around the world. https://t.co/0WpmgfppC4,2018-02-01 09:00:03+00:00,0.0,0.0,0.0,1.0
@BBC,77,RT @bbcrb: Lovely slice of ballooning history here from #BluePeter! ? https://t.co/ZtCguwpfpu,2018-02-01 08:52:34+00:00,0.6239,0.29,0.0,0.71
@BBC,78,"RT @CBeebiesHQ: Roses are green, ?
Violets are green. ?
Everything is burning. ?
Wildfire. ?

Natalie Dormer's #BedtimeStory is 14th Februa…",2018-02-01 08:51:07+00:00,0.0,0.0,0.0,1.0
@BBC,79,Safwan faces a race against time to be reunited with his wife and see the birth of his son. https://t.co/z5u5OzEcYi,2018-02-01 08:40:01+00:00,0.0,0.0,0.0,1.0
@BBC,80,"??? Why do paper cuts hurt so much? 
? https://t.co/QT6Yr07P0u https://t.co/EeeStLFMJ6",2018-02-01 08:20:08+00:00,-0.6808,0.0,0.412,0.588
@BBC,81,"??? Well, that's one way to wake yourself up. https://t.co/t8JXO1QUBN",2018-02-01 08:00:03+00:00,0.2732,0.189,0.0,0.811
@BBC,82,"??? Beautiful places that have inspired beautiful music.
? https://t.co/zUn7ChAfN8 https://t.co/7PHYlt0RCk",2018-02-01 07:38:11+00:00,0.9001,0.611,0.0,0.389
@BBC,83,"RT @bbcworldservice: The Lego brick, one of the world's most popular toys, celebrates its 60th birthday. We held a rare interview with Lego…",2018-01-31 20:55:48+00:00,0.7939,0.261,0.0,0.739
@BBC,84,"RT @BBCOne: ? #WondersOfTheMoon where you are! 
https://t.co/oEiK0KVLXG",2018-01-31 20:54:41+00:00,0.0,0.0,0.0,1.0
@BBC,85,"???? Find out how the moon shapes life on Earth and explore its mysterious dark side.

#WondersOfTheMoon | 9pm |… https://t.co/fiCUJ0hHFA",2018-01-31 20:05:02+00:00,0.0,0.0,0.0,1.0
@BBC,86,"RT @BBC_Teach: Teaching Shakespeare to 7-14 year-olds? Want to simplify complex plots?

Check out our retelling of Shakespeare's classic pl…",2018-01-31 19:05:35+00:00,0.168,0.08,0.0,0.92
@BBC,87,RT @bbcrb: Now Braille readers can enjoy e-reading too! https://t.co/rtr6sLq4ye,2018-01-31 19:04:29+00:00,0.5411,0.28,0.0,0.72
@BBC,88,"If you're going to blow up @TomCruise, it's best you get your timing right. 

#TheGNShow https://t.co/xyCbrUsAz8",2018-01-31 19:00:08+00:00,0.6369,0.219,0.0,0.781
@BBC,89,"?? Did you know the moon is shaped like an egg?

Here are nine out of this world facts about the Moon. 
?… https://t.co/UvUrI8Fr4k",2018-01-31 18:30:12+00:00,0.3612,0.098,0.0,0.902
@BBC,90,"Researchers analysed over 1,000 raw foods and ranked the ingredients that provide the best nutritional balance. 

?… https://t.co/mZgETrGKcO",2018-01-31 18:00:05+00:00,0.6369,0.198,0.0,0.802
@BBC,91,"? At 105, Jack Reynolds is Britain's oldest (and coolest!) daredevil.  https://t.co/MpSzycE9eL",2018-01-31 17:30:07+00:00,0.2003,0.152,0.0,0.848
@BBC,92,"? 6 extraordinary facts about music in North Korea. 
? https://t.co/cAfwpmQgk0 https://t.co/atg4zUDjpq",2018-01-31 17:00:10+00:00,0.0,0.0,0.0,1.0
@BBC,93,"?? The best #SuperBlueBloodMoon viewing time will be at dusk when the moon is low, near the horizon.… https://t.co/y9OJ1BQCTx",2018-01-31 14:31:02+00:00,0.4767,0.18,0.09,0.73
@BBC,94,"?? From banana toast to Buddha bowls, here's how you can fuel your fitness with food. 
? https://t.co/Iz938YLRIK https://t.co/h6fSLSy4cy",2018-01-31 14:02:04+00:00,0.2732,0.11,0.0,0.89
@BBC,95,"RT @bbcthree: “What’s it like to see the world in widescreen?”

Things definitely NOT to say to East Asians. https://t.co/0RTvmX9e3w",2018-01-31 14:01:04+00:00,0.6369,0.224,0.0,0.776
@BBC,96,RT @BBCTwo: When it's #TransferDeadlineDay and you're waiting for your team to sign ANYONE... ? https://t.co/1WrEIE23Ls,2018-01-31 13:58:03+00:00,0.0,0.0,0.0,1.0
@BBC,97,Meet Tallulah - the tortoise who escaped and went on the run for six months. ? https://t.co/kbi6xI6zGY,2018-01-31 13:31:02+00:00,0.0,0.0,0.0,1.0
@BBC,98,"? It's been 10 years since Heath Ledger's death at age 28. 
? Test your knowledge of his brief but brilliant film c… https://t.co/yiF5xZIohP",2018-01-31 13:00:06+00:00,0.5789,0.188,0.089,0.723
@BBC,99,"?? Welcome to the UK's largest forest, stretching over 300 square miles. 

#TheForest | Now on @BBCiPlayer https://t.co/FgsadpjI8d",2018-01-31 12:30:04+00:00,0.4588,0.158,0.0,0.842
@CBS,0,RT @swatcbs: ?@TheTalkCBS' @TheRealEve and @ShemarMoore brought some serious heat to the GRAMMYs red carpet: https://t.co/WYTITKkLQd https:…,2018-02-02 22:36:13+00:00,-0.0772,0.0,0.075,0.925
@CBS,1,"The all-star collaboration between @Rihanna, @DJKhaled and @brysontiller brought the party to the #GRAMMYs with a s… https://t.co/jTv5QbtgUp",2018-02-02 20:07:40+00:00,0.4019,0.144,0.0,0.856
@CBS,2,RT @TheTalkCBS: All the #redcarpet looks from the 60th annual #GRAMMYs! Did you catch @TheRealEve's sparkly two-piece suit? Diamond accents…,2018-02-02 19:03:33+00:00,0.4003,0.124,0.0,0.876
@CBS,3,Go backstage with the celebs and see which stars celebrated the big night together! Here are the moments you missed… https://t.co/rgQTXRQyLg,2018-02-02 17:23:18+00:00,0.6114,0.166,0.0,0.834
@CBS,4,? @DearEvanHansen star Ben Platt gave a soaring performance of a classic Broadway hit. Watch him perform 'Somewhere… https://t.co/HcuizFWo02,2018-02-01 22:04:41+00:00,0.0,0.0,0.0,1.0
@CBS,5,"? @LittleBigTown, @U2, @BrunoMars and @Pink are just a few of the superstar performers that lit up the stage at The… https://t.co/2v0MNYMItG",2018-02-01 20:09:49+00:00,0.0,0.0,0.0,1.0
@CBS,6,"Don't miss country stars Emmylou Harris and @ChrisStapleton perform a moving rendition of @TomPetty's classic song,… https://t.co/GxoIW97XIu",2018-01-31 21:42:15+00:00,0.1139,0.088,0.0,0.912
@CBS,7,RT @survivorcbs: Get excited! ? It’s finally time to meet the castaways of #Survivor: Ghost Island ? https://t.co/xQQ8ROhKbM https://t.co/P…,2018-01-31 17:05:47+00:00,0.1007,0.135,0.115,0.75
@CBS,8,"Country stars @EricChurch, @BrothersOsborne and @MarenMorris performed a touching tribute dedicated to the victims… https://t.co/YCIq9i70fd",2018-01-31 16:37:17+00:00,0.4588,0.188,0.0,0.812
@CBS,9,Missed the Man vs. Beast #SuperBowlCommercials showdown? Catch up now to find out which entertaining ad was named t… https://t.co/SlyO0n7yMX,2018-01-31 06:55:30+00:00,0.1779,0.126,0.095,0.779
@CBS,10,"RT @rikimae: Ok, that one makes me cry #superbowlcommercials",2018-01-31 02:15:16+00:00,-0.2263,0.179,0.252,0.569
@CBS,11,"If this doesn’t make you cry, nothing will. #SuperBowlCommercials https://t.co/UjFf3xr4so",2018-01-31 01:58:40+00:00,-0.4767,0.0,0.256,0.744
@CBS,12,"RT @maverickkr: #superbowlcommercials the frogs were great, I'd forgotten about that one.",2018-01-31 01:52:46+00:00,0.4939,0.256,0.119,0.625
@CBS,13,"If you haven't voted yet, it's not too late! Choose your favorite here: https://t.co/s4pEIF5IX8… https://t.co/VCa1YHDyYy",2018-01-31 01:49:43+00:00,0.5093,0.19,0.0,0.81
@CBS,14,RT @5691e44f3b66446: I am having so much fun ...the commercials are awesome #superbowlcommercials,2018-01-31 01:31:27+00:00,0.8261,0.434,0.0,0.566
@CBS,15,RT @LittleShelbyMae: Love watching the #superbowlcommercials all the animal ones are my favorite!!,2018-01-31 01:29:10+00:00,0.8309,0.414,0.0,0.586
@CBS,16,RT @PatHale915: Doritos time machine was great!   #superbowlcommercials,2018-01-31 01:24:16+00:00,0.6588,0.386,0.0,0.614
@CBS,17,Never make a goat angry. #SuperBowlCommercials https://t.co/xRJssdAErk,2018-01-31 01:18:37+00:00,-0.5106,0.0,0.398,0.602
@CBS,18,RT @MsLindsieStarr: That dang goat! #Doritos #superbowlcommercials,2018-01-31 01:17:37+00:00,0.0,0.0,0.0,1.0
@CBS,19,Do you remember this Super Bowl commercial featuring @KevinHart4real playing an overprotective father?… https://t.co/ejLnTEG5ug,2018-01-31 01:16:15+00:00,0.7525,0.349,0.0,0.651
@CBS,20,RT @swatcbs: ?@TheTalkCBS' @TheRealEve and @ShemarMoore brought some serious heat to the GRAMMYs red carpet: https://t.co/WYTITKkLQd https:…,2018-02-02 22:36:13+00:00,-0.0772,0.0,0.075,0.925
@CBS,21,"The all-star collaboration between @Rihanna, @DJKhaled and @brysontiller brought the party to the #GRAMMYs with a s… https://t.co/jTv5QbtgUp",2018-02-02 20:07:40+00:00,0.4019,0.144,0.0,0.856
@CBS,22,RT @TheTalkCBS: All the #redcarpet looks from the 60th annual #GRAMMYs! Did you catch @TheRealEve's sparkly two-piece suit? Diamond accents…,2018-02-02 19:03:33+00:00,0.4003,0.124,0.0,0.876
@CBS,23,Go backstage with the celebs and see which stars celebrated the big night together! Here are the moments you missed… https://t.co/rgQTXRQyLg,2018-02-02 17:23:18+00:00,0.6114,0.166,0.0,0.834
@CBS,24,? @DearEvanHansen star Ben Platt gave a soaring performance of a classic Broadway hit. Watch him perform 'Somewhere… https://t.co/HcuizFWo02,2018-02-01 22:04:41+00:00,0.0,0.0,0.0,1.0
@CBS,25,"? @LittleBigTown, @U2, @BrunoMars and @Pink are just a few of the superstar performers that lit up the stage at The… https://t.co/2v0MNYMItG",2018-02-01 20:09:49+00:00,0.0,0.0,0.0,1.0
@CBS,26,"Don't miss country stars Emmylou Harris and @ChrisStapleton perform a moving rendition of @TomPetty's classic song,… https://t.co/GxoIW97XIu",2018-01-31 21:42:15+00:00,0.1139,0.088,0.0,0.912
@CBS,27,RT @survivorcbs: Get excited! ? It’s finally time to meet the castaways of #Survivor: Ghost Island ? https://t.co/xQQ8ROhKbM https://t.co/P…,2018-01-31 17:05:47+00:00,0.1007,0.135,0.115,0.75
@CBS,28,"Country stars @EricChurch, @BrothersOsborne and @MarenMorris performed a touching tribute dedicated to the victims… https://t.co/YCIq9i70fd",2018-01-31 16:37:17+00:00,0.4588,0.188,0.0,0.812
@CBS,29,Missed the Man vs. Beast #SuperBowlCommercials showdown? Catch up now to find out which entertaining ad was named t… https://t.co/SlyO0n7yMX,2018-01-31 06:55:30+00:00,0.1779,0.126,0.095,0.779
@CBS,30,"RT @rikimae: Ok, that one makes me cry #superbowlcommercials",2018-01-31 02:15:16+00:00,-0.2263,0.179,0.252,0.569
@CBS,31,"If this doesn’t make you cry, nothing will. #SuperBowlCommercials https://t.co/UjFf3xr4so",2018-01-31 01:58:40+00:00,-0.4767,0.0,0.256,0.744
@CBS,32,"RT @maverickkr: #superbowlcommercials the frogs were great, I'd forgotten about that one.",2018-01-31 01:52:46+00:00,0.4939,0.256,0.119,0.625
@CBS,33,"If you haven't voted yet, it's not too late! Choose your favorite here: https://t.co/s4pEIF5IX8… https://t.co/VCa1YHDyYy",2018-01-31 01:49:43+00:00,0.5093,0.19,0.0,0.81
@CBS,34,RT @5691e44f3b66446: I am having so much fun ...the commercials are awesome #superbowlcommercials,2018-01-31 01:31:27+00:00,0.8261,0.434,0.0,0.566
@CBS,35,RT @LittleShelbyMae: Love watching the #superbowlcommercials all the animal ones are my favorite!!,2018-01-31 01:29:10+00:00,0.8309,0.414,0.0,0.586
@CBS,36,RT @PatHale915: Doritos time machine was great!   #superbowlcommercials,2018-01-31 01:24:16+00:00,0.6588,0.386,0.0,0.614
@CBS,37,Never make a goat angry. #SuperBowlCommercials https://t.co/xRJssdAErk,2018-01-31 01:18:37+00:00,-0.5106,0.0,0.398,0.602
@CBS,38,RT @MsLindsieStarr: That dang goat! #Doritos #superbowlcommercials,2018-01-31 01:17:37+00:00,0.0,0.0,0.0,1.0
@CBS,39,Do you remember this Super Bowl commercial featuring @KevinHart4real playing an overprotective father?… https://t.co/ejLnTEG5ug,2018-01-31 01:16:15+00:00,0.7525,0.349,0.0,0.651
@CBS,40,RT @dRoy: Homework will take a break for now. #superbowlcommercials on cbs is on ?,2018-01-31 01:08:01+00:00,0.0,0.0,0.0,1.0
@CBS,41,RT @Mixxxalv: Watching #superbowlcommercials let the best win!,2018-01-31 01:04:34+00:00,0.8516,0.58,0.0,0.42
@CBS,42,Super Bowl Greatest Commercials 2018 hosts @7BOOMERESIASON and @DanielaRuah are moments away from announcing the tw… https://t.co/cKM1WXPc9u,2018-01-31 01:00:35+00:00,0.8442,0.351,0.0,0.649
@CBS,43,It's Man vs. Beast as these classic Super Bowl spots face off tonight on Super Bowl Greatest Commercials 2018! Tune… https://t.co/GcoSAcfeUd,2018-01-31 00:55:04+00:00,0.923,0.406,0.0,0.594
@CBS,44,"Tonight, get a first look at #ChrisElliott starring in the new @AvosfromMexico Super Bowl Commercial on… https://t.co/WMEjsZfgdg",2018-01-31 00:37:20+00:00,0.5994,0.206,0.0,0.794
@CBS,45,"Join @NCISLA's @DanielaRuah and @7BOOMERESIASON on Super Bowl Greatest Commercials 2018, tonight at 8/7c on CBS and… https://t.co/nzVu1FCRc5",2018-01-31 00:11:53+00:00,0.8834,0.407,0.0,0.593
@CBS,46,Everyone knows the best part of the Super Bowl is the commercials! Find out how to tune in and vote for your favori… https://t.co/KGDYl9oF98,2018-01-30 23:35:01+00:00,0.8553,0.276,0.0,0.724
@CBS,47,Throw it back to this classic Michael Jordan vs. Larry Bird spot tonight on Super Bowl Greatest Commercials 2018! W… https://t.co/g2H4zV7wIN,2018-01-30 21:19:22+00:00,0.8553,0.306,0.0,0.694
@CBS,48,"Super Bowl Greatest Commercials 2018 airs tonight! Cast your vote now, then tune in and vote for the winner live at… https://t.co/h4jGpUheP5",2018-01-30 18:46:04+00:00,0.9215,0.391,0.0,0.609
@CBS,49,Remember when @robinthicke and Lil Wayne (@liltunechi) joined jazz legends on stage at the 51st #GRAMMYs? Watch thi… https://t.co/2l8gBdOrli,2018-01-30 16:00:02+00:00,0.0,0.0,0.0,1.0
@CBS,50,"Tomorrow, catch a sneak peek of the incredible @TiffanyHaddish in her first Super Bowl Commercial for @Groupon on… https://t.co/RlehujNvFN",2018-01-30 04:03:31+00:00,0.5994,0.187,0.0,0.813
@CBS,51,Rapper @Logic301 delivered a poignant message of hope to conclude his powerful performance with @alessiacara and… https://t.co/elSqZExRtN,2018-01-30 03:17:51+00:00,0.6908,0.289,0.0,0.711
@CBS,52,Even our host @JKCorden was starstruck when Broadway icon Patti LuPone performed at The #GRAMMYs! https://t.co/YJhNBllFh6,2018-01-30 02:12:15+00:00,0.0,0.0,0.0,1.0
@CBS,53,Childish Gambino serenaded the crowd with his smooth vocals in this mesmerizing performance. Watch him perform 'Ter… https://t.co/TkWZP7PS22,2018-01-30 01:29:06+00:00,-0.296,0.0,0.115,0.885
@CBS,54,.@OfficialSting and @shaggy757 joined together to bring their upbeat reggae vibes to Madison Square Garden. Watch t… https://t.co/iqq0DbM1IR,2018-01-30 00:11:05+00:00,0.0,0.0,0.0,1.0
@CBS,55,Superstar @Pink left it all on the stage last night in a simply stunning performance that brought the crowd to thei… https://t.co/B9Tj5INcNu,2018-01-29 22:45:21+00:00,0.3818,0.115,0.0,0.885
@CBS,56,Check out these photos of the night's best backstage moments you didn't see on TV! Here's what you missed at The 60… https://t.co/6TBI8NV8JJ,2018-01-29 22:10:15+00:00,0.5093,0.162,0.079,0.758
@CBS,57,The dapper duo of @itstonybennett and @johnlegend brought down the #GRAMMYs house with an impromptu duet.… https://t.co/ucRrAFk59f,2018-01-29 20:00:04+00:00,0.0,0.0,0.0,1.0
@CBS,58,?@BrunoMars worked his 24K Magic to become the night's biggest winner. See his #GRAMMYs acceptance speech for Album… https://t.co/dXzjWH0myx,2018-01-29 19:00:05+00:00,0.7783,0.286,0.0,0.714
@CBS,59,When your win at The #GRAMMYs feels like 24K Magic! Congratulations to @BrunoMars for taking home six awards this y… https://t.co/UhWCE8OKfK,2018-01-29 18:00:02+00:00,0.9259,0.442,0.0,0.558
@CBS,60,?@LadyGaga's stripped-down performance soared on the #GRAMMYs stage. See all the night's performances here:… https://t.co/Dw6xSzeeGC,2018-01-29 17:15:04+00:00,0.0,0.0,0.0,1.0
@CBS,61,"Relive epic GRAMMY rock performances from @Metallica, @beck, @coldplay and more on @AppleMusic. Start your free tri… https://t.co/xmkaZGjlMM",2018-01-29 16:00:05+00:00,0.5106,0.163,0.0,0.837
@CBS,62,"The #GRAMMYs were full of emotional performances, stirring speeches, and jaw-dropping fashion. See all the red carp… https://t.co/yqpOW9tWm3",2018-01-29 15:00:03+00:00,0.1531,0.086,0.0,0.914
@CBS,63,Watch @BrunoMars and @iamcardib pull out all the stops at the #GRAMMYs for their fun and funky duet of 'Finesse.'… https://t.co/z1ZTosotw9,2018-01-29 14:00:02+00:00,0.3182,0.136,0.123,0.741
@CBS,64,"With his powerful single 'Pray,"" @samsmithworld captivated the #GRAMMYs crowd. Watch the full performance:… https://t.co/159qGVFyxW",2018-01-29 13:00:01+00:00,0.6597,0.293,0.0,0.707
@CBS,65,Music's biggest stars came together for a night of celebration and song at the The 60th Annual #GRAMMYs! Stream the… https://t.co/flFIflTQ5s,2018-01-29 12:00:03+00:00,0.0,0.0,0.0,1.0
@CBS,66,The stage was packed with star power from start to finish on Music's Biggest Night®! Catch up on all the live perfo… https://t.co/Mzqp82FiUS,2018-01-29 08:18:18+00:00,0.0,0.0,0.0,1.0
@CBS,67,See who won big on Music's Biggest Night®?: https://t.co/yyb8bwMqEx #GRAMMYs https://t.co/OgV3UcK3jw,2018-01-29 07:40:26+00:00,0.5719,0.27,0.0,0.73
@CBS,68,Get ready to sing along as @eltonofficial and @MileyCyrus deliver an unforgettable rendition of the iconic song 'Ti… https://t.co/upVo9SZUCh,2018-01-29 07:25:04+00:00,0.3612,0.122,0.0,0.878
@CBS,69,"See @littlebigtown belt out a heartfelt version of their hit song 'Better Man,' written by @taylorswift13:… https://t.co/mQJZ4lIOtZ",2018-01-29 07:01:01+00:00,0.7506,0.314,0.0,0.686
@CBS,70,See @U2's intense #GRAMMYs performance in front of the majestic Statue of Liberty: https://t.co/Y1ZhzDYPdt https://t.co/SOf9kpMHOq,2018-01-29 06:15:02+00:00,0.5719,0.266,0.0,0.734
@CBS,71,"Relive @LuisFonsi, @daddy_yankee, and @zuleyka_rivera's electric performance of 'Despacito' that lit up the… https://t.co/9m1mytX9VW",2018-01-29 05:34:44+00:00,0.0,0.0,0.0,1.0
@CBS,72,We caught up with @imjmichaels on the #GRAMMYs red carpet and learned all about how @IBM is using Watson and AI to… https://t.co/sJpn44xPnV,2018-01-29 04:19:55+00:00,0.0,0.0,0.0,1.0
@CBS,73,"It was real y'all. Congratulations to everyone who won and all who were nominated. Finally, thank you to everyone w… https://t.co/jqBkGTtEyM",2018-01-29 04:12:46+00:00,0.8779,0.359,0.0,0.641
@CBS,74,Drippin' in finesse ? @BrunoMars wins Album Of The Year at The #GRAMMYs! See all of the winners here:… https://t.co/BK4bF9ggSI,2018-01-29 04:10:47+00:00,0.7959,0.294,0.0,0.706
@CBS,75,That. Performance. Wow. #GRAMMYs https://t.co/rDg37rzQvn,2018-01-29 03:58:49+00:00,0.5859,0.487,0.0,0.513
@CBS,76,"RT @CBSNews: ""My father, if you are watching this dad, I love you. Look at me, pop, look at me, I'm at the #Grammys right now!"" @BrunoMars…",2018-01-29 03:55:24+00:00,0.6696,0.152,0.0,0.848
@CBS,77,"RT @CBSNews: .@HillaryClinton makes an appearance at #Grammys during a reading of ""Fire and Fury."" The book details President Trump's first…",2018-01-29 03:55:20+00:00,-0.34,0.0,0.112,0.888
@CBS,78,You don't want to miss a moment of The #GRAMMYs. Watch now on CBS and CBS All Access: https://t.co/rtZ7sSGFOC https://t.co/oVvgF0CNLr,2018-01-29 03:53:06+00:00,0.0572,0.073,0.062,0.864
@CBS,79,"RT @TheSaraNoH: Thank you @RecordingAcad for helping to keep music in schools! 

#GRAMMYs",2018-01-29 03:50:25+00:00,0.6114,0.312,0.0,0.688
@CBS,80,RT @pawprintedzoe: Music is a beautiful thing #Grammys,2018-01-29 03:49:19+00:00,0.5994,0.394,0.0,0.606
@CBS,81,What was your favorite #GRAMMY moment from tonight? https://t.co/x3q4ZhltV9,2018-01-29 03:46:27+00:00,0.4588,0.273,0.0,0.727
@CBS,82,24K Magic is in the air at the 60th Annual #GRAMMYs! @BrunoMars wins Record Of The Year! See all of the winners her… https://t.co/jGaqsvQt7W,2018-01-29 03:45:43+00:00,0.8118,0.251,0.0,0.749
@CBS,83,RT @CBSTweet: Cute family alert! @pink ? #GRAMMYs https://t.co/isveVC8aoJ,2018-01-29 03:37:35+00:00,0.6696,0.478,0.0,0.522
@CBS,84,"Slay all day, @sza! #GRAMMYs https://t.co/h1oCVMZE55",2018-01-29 03:37:27+00:00,0.0,0.0,0.0,1.0
@CBS,85,CBS Stars @shemarmoore from @swatcbs and @TheRealEve from @TheTalkCBS charming the crowd at The 60th Annual #GRAMMYs https://t.co/HLnRBE2rFW,2018-01-29 03:34:36+00:00,0.5859,0.183,0.0,0.817
@CBS,86,"RT @Jordan_Roth: And THAT is how it’s done, kids. #Patti #GRAMMYs",2018-01-29 03:27:04+00:00,0.0,0.0,0.0,1.0
@CBS,87,??? https://t.co/VZB0QEbajw,2018-01-29 03:25:53+00:00,0.0,0.0,0.0,1.0
@CBS,88,RT @AnnaKendrick47: Punish me with those vocals @BenSPLATT ? #GRAMMYs,2018-01-29 03:25:26+00:00,-0.5267,0.0,0.298,0.702
@CBS,89,"Blue Ivy doesn't wanna miss a minute of the action. ? 

Watch The #GRAMMYs now on CBS and CBS All Access:… https://t.co/26zRlvLKgl",2018-01-29 03:24:02+00:00,0.1139,0.071,0.0,0.929
@CBS,90,The #GRAMMYs is a family affair...or is it? https://t.co/ohPdzp8jIZ,2018-01-29 03:20:49+00:00,0.0,0.0,0.0,1.0
@CBS,91,Generations of icons come together on the #GRAMMY stage. See all of the performances from The 60th Annual #GRAMMYs… https://t.co/amGC0Lu4Di,2018-01-29 03:12:26+00:00,0.0,0.0,0.0,1.0
@CBS,92,"RT @nictothemarie: wow
wow
wow
wow
wow
wow
wow
wow
@eltonjohn @mileycyrus
having a heart EXPLOSION
#grammys",2018-01-29 03:06:30+00:00,0.9854,0.792,0.0,0.208
@CBS,93,RT @FunnyManShaun: Elton John with the Liberace swag #GRAMMYs,2018-01-29 03:06:26+00:00,0.0,0.0,0.0,1.0
@CBS,94,RT @BlueBloods_CBS: Lookin' good @DonnieWahlberg ? #GRAMMYs https://t.co/7FftMSU7Do,2018-01-29 03:04:50+00:00,0.4404,0.326,0.0,0.674
@CBS,95,That's what we like! @BrunoMars wins the #GRAMMY for Song of the Year. See all of The 60th Annual #GRAMMYs winners… https://t.co/op6rSMuOzv,2018-01-29 03:02:43+00:00,0.7574,0.245,0.0,0.755
@CBS,96,RT if you're crying like @HaileeSteinfeld after that moving @KeshaRose + @cyndilauper + @Camila_Cabello +… https://t.co/9qnQrhpiXy,2018-01-29 02:49:24+00:00,-0.1531,0.142,0.176,0.682
@CBS,97,RT @KathyLynn904: That’s was absolutely beautiful and powerful thank you @KeshaRose and all the ladies who joined her unbelievable #GRAMMYS,2018-01-29 02:45:57+00:00,0.8899,0.419,0.0,0.581
@CBS,98,RT @naptural_mae: I have so much admiration for Kesha #GRAMMYs,2018-01-29 02:40:59+00:00,0.5829,0.321,0.0,0.679
@CNN,0,The most interesting part of the Nunes memo? Trump's reaction | Analysis by @CillizzaCNN https://t.co/6KtS7YS3ZH https://t.co/eb8MThp3yb,2018-02-03 01:11:08+00:00,0.4576,0.176,0.0,0.824
@CNN,1,Republicans convening for their national party meeting in Washington struck notes of cautious optimism about the mi… https://t.co/nRp0MlIzAD,2018-02-03 01:01:04+00:00,0.5859,0.263,0.144,0.593
@CNN,2,The Office of Government Ethics unofficially OKs an outside legal defense fund for White House staffers… https://t.co/qYEycKQZM8,2018-02-03 00:51:04+00:00,0.25,0.167,0.0,0.833
@CNN,3,An EMT saved this man's life when he was a baby. He was reunited with that man at his EMT graduation.… https://t.co/3FGY1vNblh,2018-02-03 00:45:17+00:00,0.4215,0.123,0.0,0.877
@CNN,4,"Heading into Sunday's Super Bowl, there isn't much Patriots and Eagles fans can agree on -- except when it comes to… https://t.co/esWJ7rpgZd",2018-02-03 00:34:06+00:00,0.7506,0.242,0.0,0.758
@CNN,5,"Thousands of stone tools dating back as far as 385,000 years, uncovered in India, suggest humans might have migrate… https://t.co/BF9LDHTafT",2018-02-03 00:30:00+00:00,0.0,0.0,0.0,1.0
@CNN,6,"The Federal Reserve said it will restrict Wells Fargo's growth in light of ""widespread consumer abuses,"" including… https://t.co/vrtDTdoqIG",2018-02-03 00:13:58+00:00,0.25,0.207,0.117,0.676
@CNN,7,"Republican Rep. Hurd, former CIA officer: ”I also don't believe there's anything in this Republican memo that's exp… https://t.co/P09yQu17Ox",2018-02-03 00:04:03+00:00,0.0,0.0,0.0,1.0
@CNN,8,A cell phone radiation study finds more questions than answers https://t.co/klNKxr3T1q https://t.co/O9xglO1JfN,2018-02-02 23:51:01+00:00,0.0,0.0,0.0,1.0
@CNN,9,Planning to attend the Super Bowl? Tickets prices on StubHub are up 31% over last year -- the cheapest ones left co… https://t.co/j0KG5a2Icw,2018-02-02 23:41:07+00:00,0.5994,0.151,0.0,0.849
@CNN,10,Mike Pence's home state can now require Medicaid recipients to work https://t.co/ovHGvlIdaU https://t.co/7wtvn946OQ,2018-02-02 23:41:07+00:00,0.0,0.0,0.0,1.0
@CNN,11,How to talk about the 2018 Super Bowl if you don't know what to talk about https://t.co/GXeOlora8A https://t.co/2Ybu063hHn,2018-02-02 23:36:03+00:00,0.5994,0.187,0.0,0.813
@CNN,12,"The Dow dropped 666 points, capping the worst week in two years. Here's a look at what's going on.

1. Concerns the… https://t.co/tkdcHFowmo",2018-02-02 23:29:41+00:00,-0.6249,0.0,0.163,0.837
@CNN,13,Key points from the Nunes memo appeared to have been released to news outlets friendly to the White House before be… https://t.co/F80ucWnzpS,2018-02-02 23:20:43+00:00,0.4939,0.132,0.0,0.868
@CNN,14,"Former CIA counterterrorism official Phil Mudd: The FBI people ""are ticked"" and they'll be saying of Trump, “You’ve… https://t.co/wZ5KaXSGdt",2018-02-02 23:14:12+00:00,-0.4215,0.0,0.135,0.865
@CNN,15,"President Trump threatens to cut off aid to countries that don't stop drugs coming into the United States, saying ""… https://t.co/IyGF4v6yY6",2018-02-02 23:11:04+00:00,-0.0031,0.178,0.178,0.644
@CNN,16,FBI Director Christopher Wray addressed FBI employees in an internal video and said he knows it's a tough time and… https://t.co/OKym0P1UzD,2018-02-02 23:06:04+00:00,-0.128,0.0,0.073,0.927
@CNN,17,"RT @CNNSitRoom: Democratic Rep. Adam Schiff says if the Intelligence Committee ""was seriously interested in oversight,"" they would have bro…",2018-02-02 22:54:16+00:00,0.6249,0.237,0.069,0.694
@CNN,18,"Rep. Adam Schiff: If President Trump fires Rod Rosenstein or Robert Mueller, ""to me that would be a very definite p… https://t.co/9DLA02VhQq",2018-02-02 22:52:41+00:00,0.3384,0.107,0.0,0.893
@CNN,19,Rep. Adam Schiff says the Nunes memo “cherry-picks” information and is “deeply misleading and factually inaccurate”… https://t.co/tz5PdLHcOU,2018-02-02 22:50:42+00:00,-0.4019,0.0,0.144,0.856
@CNN,20,The most interesting part of the Nunes memo? Trump's reaction | Analysis by @CillizzaCNN https://t.co/6KtS7YS3ZH https://t.co/eb8MThp3yb,2018-02-03 01:11:08+00:00,0.4576,0.176,0.0,0.824
@CNN,21,Republicans convening for their national party meeting in Washington struck notes of cautious optimism about the mi… https://t.co/nRp0MlIzAD,2018-02-03 01:01:04+00:00,0.5859,0.263,0.144,0.593
@CNN,22,The Office of Government Ethics unofficially OKs an outside legal defense fund for White House staffers… https://t.co/qYEycKQZM8,2018-02-03 00:51:04+00:00,0.25,0.167,0.0,0.833
@CNN,23,An EMT saved this man's life when he was a baby. He was reunited with that man at his EMT graduation.… https://t.co/3FGY1vNblh,2018-02-03 00:45:17+00:00,0.4215,0.123,0.0,0.877
@CNN,24,"Heading into Sunday's Super Bowl, there isn't much Patriots and Eagles fans can agree on -- except when it comes to… https://t.co/esWJ7rpgZd",2018-02-03 00:34:06+00:00,0.7506,0.242,0.0,0.758
@CNN,25,"Thousands of stone tools dating back as far as 385,000 years, uncovered in India, suggest humans might have migrate… https://t.co/BF9LDHTafT",2018-02-03 00:30:00+00:00,0.0,0.0,0.0,1.0
@CNN,26,"The Federal Reserve said it will restrict Wells Fargo's growth in light of ""widespread consumer abuses,"" including… https://t.co/vrtDTdoqIG",2018-02-03 00:13:58+00:00,0.25,0.207,0.117,0.676
@CNN,27,"Republican Rep. Hurd, former CIA officer: ”I also don't believe there's anything in this Republican memo that's exp… https://t.co/P09yQu17Ox",2018-02-03 00:04:03+00:00,0.0,0.0,0.0,1.0
@CNN,28,A cell phone radiation study finds more questions than answers https://t.co/klNKxr3T1q https://t.co/O9xglO1JfN,2018-02-02 23:51:01+00:00,0.0,0.0,0.0,1.0
@CNN,29,Planning to attend the Super Bowl? Tickets prices on StubHub are up 31% over last year -- the cheapest ones left co… https://t.co/j0KG5a2Icw,2018-02-02 23:41:07+00:00,0.5994,0.151,0.0,0.849
@CNN,30,Mike Pence's home state can now require Medicaid recipients to work https://t.co/ovHGvlIdaU https://t.co/7wtvn946OQ,2018-02-02 23:41:07+00:00,0.0,0.0,0.0,1.0
@CNN,31,How to talk about the 2018 Super Bowl if you don't know what to talk about https://t.co/GXeOlora8A https://t.co/2Ybu063hHn,2018-02-02 23:36:03+00:00,0.5994,0.187,0.0,0.813
@CNN,32,"The Dow dropped 666 points, capping the worst week in two years. Here's a look at what's going on.

1. Concerns the… https://t.co/tkdcHFowmo",2018-02-02 23:29:41+00:00,-0.6249,0.0,0.163,0.837
@CNN,33,Key points from the Nunes memo appeared to have been released to news outlets friendly to the White House before be… https://t.co/F80ucWnzpS,2018-02-02 23:20:43+00:00,0.4939,0.132,0.0,0.868
@CNN,34,"Former CIA counterterrorism official Phil Mudd: The FBI people ""are ticked"" and they'll be saying of Trump, “You’ve… https://t.co/wZ5KaXSGdt",2018-02-02 23:14:12+00:00,-0.4215,0.0,0.135,0.865
@CNN,35,"President Trump threatens to cut off aid to countries that don't stop drugs coming into the United States, saying ""… https://t.co/IyGF4v6yY6",2018-02-02 23:11:04+00:00,-0.0031,0.178,0.178,0.644
@CNN,36,FBI Director Christopher Wray addressed FBI employees in an internal video and said he knows it's a tough time and… https://t.co/OKym0P1UzD,2018-02-02 23:06:04+00:00,-0.128,0.0,0.073,0.927
@CNN,37,"RT @CNNSitRoom: Democratic Rep. Adam Schiff says if the Intelligence Committee ""was seriously interested in oversight,"" they would have bro…",2018-02-02 22:54:16+00:00,0.6249,0.237,0.069,0.694
@CNN,38,"Rep. Adam Schiff: If President Trump fires Rod Rosenstein or Robert Mueller, ""to me that would be a very definite p… https://t.co/9DLA02VhQq",2018-02-02 22:52:41+00:00,0.3384,0.107,0.0,0.893
@CNN,39,Rep. Adam Schiff says the Nunes memo “cherry-picks” information and is “deeply misleading and factually inaccurate”… https://t.co/tz5PdLHcOU,2018-02-02 22:50:42+00:00,-0.4019,0.0,0.144,0.856
@CNN,40,RT @CNNPolitics: Schiff on the release of the GOP-Nunes memo: “This is a horrible abuse of our committee process and an abuse of classified…,2018-02-02 22:47:06+00:00,-0.9169,0.0,0.373,0.627
@CNN,41,"CNN legal analyst Jeffrey Toobin on the Nunes memo: ""It is an embarrassment to the United States Congress. It is pa… https://t.co/pYYR7Kn3B4",2018-02-02 22:38:45+00:00,0.1027,0.164,0.111,0.725
@CNN,42,It was the second most criminal act of the 1970s -- and it was done by a bunch of wannabe radicals. Listen here to… https://t.co/7r5ms4xr1p,2018-02-02 22:27:04+00:00,-0.5709,0.0,0.138,0.862
@CNN,43,"Rep. Swalwell on Nunes memo: If they were willing to be so reckless with classified information, why didn't they re… https://t.co/n8di4e70kh",2018-02-02 22:26:51+00:00,-0.541,0.0,0.149,0.851
@CNN,44,YouTube will now add a label to videos that come from state-funded media outlets https://t.co/IZv7zoneYd https://t.co/hgelkQhnmv,2018-02-02 22:26:09+00:00,0.0,0.0,0.0,1.0
@CNN,45,"RT @TheLeadCNN: Democratic Rep. Swalwell states that his party's memo ""rebuts point-by-point the falsities [Republicans] put forward. But i…",2018-02-02 22:22:30+00:00,0.0,0.0,0.0,1.0
@CNN,46,What the Nunes memo actually proves (Not much) | Analysis by @CillizzaCNN https://t.co/DF9cBsWauh https://t.co/3ZBMPhXazm,2018-02-02 22:21:03+00:00,0.0,0.0,0.0,1.0
@CNN,47,The nasty flu season is costing businesses billions https://t.co/aUljZQDSGV https://t.co/pDAS9fmBJB,2018-02-02 22:16:09+00:00,-0.7351,0.0,0.437,0.563
@CNN,48,"Apple's stock fell more than 4%, pushing into correction territory. The company released strong earnings results on… https://t.co/87bgr7c871",2018-02-02 22:10:08+00:00,0.5106,0.163,0.0,0.837
@CNN,49,Arizona Senate candidate Joe Arpaio says he was unaware that he granted an interview to an anti-Semitic publication… https://t.co/1FV3sGjS4m,2018-02-02 22:00:48+00:00,0.0516,0.096,0.087,0.817
@CNN,50,"President Trump tells RNC members he'll campaign for Dean Heller in Nevada, and says he'll visit other states https://t.co/LV9r4KP6Sw",2018-02-02 21:56:48+00:00,0.0,0.0,0.0,1.0
@CNN,51,"""I think this is an absolute disgrace. I think this is a dark day in American history."" Jeffrey Toobin says the Nun… https://t.co/BVMySdDBva",2018-02-02 21:42:18+00:00,-0.4939,0.0,0.138,0.862
@CNN,52,"RT @CNNnewsroom: ""What we are seeing here is a demagogic, authoritarian president who is using this red herring to contend that there is a…",2018-02-02 21:39:31+00:00,0.0516,0.052,0.0,0.948
@CNN,53,"""I think it's disgusting, I think it's pathetic. ... This is a fabricated, manufactured, hack partisan sideshow cir… https://t.co/GHxITxlMeT",2018-02-02 21:38:47+00:00,-0.7964,0.0,0.321,0.679
@CNN,54,The Labor Department reported the biggest hourly pay increase in eight years in Friday's jobs report. The data show… https://t.co/G4pE9Je3Pe,2018-02-02 21:32:09+00:00,0.2263,0.106,0.065,0.829
@CNN,55,"RT @TheLeadCNN: Top Dems warn Trump if he uses memo to fire Rosenstein, DOJ leadership, or Robert Mueller, it could result ""in a constituti…",2018-02-02 21:23:30+00:00,-0.25,0.07,0.148,0.781
@CNN,56,"The Dow closed down 666 points, or 2.5%, its biggest percentage decline since the Brexit turmoil in June 2016 and s… https://t.co/A5FBterhaa",2018-02-02 21:16:26+00:00,-0.3612,0.0,0.106,0.894
@CNN,57,"The Karolyi Ranch produced champions and a culture of fear, former gymnasts say https://t.co/8VdXaOF7xk https://t.co/ooupdV8HNP",2018-02-02 21:14:07+00:00,0.0516,0.183,0.172,0.645
@CNN,58,The Arizona House of Representatives voted nearly unanimously to oust Republican Rep. Don Shooter after a report fo… https://t.co/l31rJyKENO,2018-02-02 21:01:10+00:00,0.0,0.0,0.0,1.0
@CNN,59,"President Trump's pick to be US ambassador to Singapore, KT McFarland, has asked the President to withdraw her nomi… https://t.co/sjxd4E6QVF",2018-02-02 20:53:56+00:00,0.0,0.0,0.0,1.0
@CNN,60,"The US says Russia is ""developing"" an undersea nuclear-armed torpedo https://t.co/eL39Q837TK",2018-02-02 20:41:56+00:00,0.0,0.0,0.0,1.0
@CNN,61,"When Randall Margraves lunged toward disgraced doctor Larry Nassar in a courtroom, many social media users responde… https://t.co/kaaLjMpnq6",2018-02-02 20:29:49+00:00,-0.4588,0.0,0.158,0.842
@CNN,62,40 million people are living in modern slavery. We want to know what freedom means to you. Share your photos and vi… https://t.co/NqmDUBHDEf,2018-02-02 20:22:38+00:00,0.2263,0.244,0.152,0.603
@CNN,63,"The stock market is having its worst week in two years, with the Dow dropping more than 600 points today… https://t.co/i89Ramt8IS",2018-02-02 20:07:49+00:00,-0.6249,0.0,0.17,0.83
@CNN,64,The black unemployment rate is no longer at the record low that President Trump touted after jumping nearly a perce… https://t.co/JTPnifPHuN,2018-02-02 20:04:53+00:00,-0.7506,0.0,0.344,0.656
@CNN,65,"""That's it?"" Former FBI Director James Comey skewers a Republican memo alleging that the FBI abused its surveillanc… https://t.co/VhX2Mm6GDw",2018-02-02 19:56:27+00:00,-0.5106,0.0,0.163,0.837
@CNN,66,'Black Panther' is outselling every previous superhero film in advance ticket sales https://t.co/zaHozBCSgk https://t.co/Zz8XHzCO0k,2018-02-02 19:52:58+00:00,0.0,0.0,0.0,1.0
@CNN,67,"President Trump refused to say whether he would dismiss Deputy Attorney General Rod Rosenstein, the top DOJ officia… https://t.co/6lqxhkuoSR",2018-02-02 19:36:01+00:00,-0.1027,0.086,0.105,0.81
@CNN,68,"Pizza shop workers took down an armed robber -- but when police took off his mask, they discovered he was their old… https://t.co/UqvdKtVdZZ",2018-02-02 19:31:35+00:00,-0.3182,0.0,0.095,0.905
@CNN,69,A mass grave discovered in England may belong to the Viking Great Army https://t.co/4PSdWdYDrE,2018-02-02 19:18:40+00:00,0.3612,0.232,0.147,0.621
@CNN,70,Prostate cancer now kills more in the United Kingdom than breast cancer https://t.co/qzwpZyr8CJ,2018-02-02 19:16:46+00:00,-0.8817,0.126,0.505,0.369
@CNN,71,"Polar bears could face extinction faster than thought, study says https://t.co/fj6Opzvvw8 https://t.co/QyFOb0LcFj",2018-02-02 19:01:54+00:00,0.0,0.0,0.0,1.0
@CNN,72,RT @CNNPolitics: Former FBI Director Comey tweets in response to the release of the GOP-Nunes memo: “That’s it?” https://t.co/fYlCwTvczb ht…,2018-02-02 19:01:23+00:00,0.0,0.0,0.0,1.0
@CNN,73,The 33 most over-the-top Anthony Scaramucci quotes to Vanity Fair | Analysis by Chris Cillizza… https://t.co/gPL8bZkvsO,2018-02-02 18:40:16+00:00,0.1027,0.134,0.11,0.756
@CNN,74,"Democratic lawmakers are fuming after the release of the disputed GOP intelligence memo, calling it ""dangerous""… https://t.co/Toxjv2w5Qg",2018-02-02 18:28:03+00:00,-0.4588,0.134,0.263,0.603
@CNN,75,Iced tea company kills plan to buy bitcoin mining rigs https://t.co/7kIQya04yC,2018-02-02 18:15:07+00:00,-0.5423,0.0,0.259,0.741
@CNN,76,"House Intelligence Chairman Devin Nunes issues statement on release of his controversial memo: ""The Committee has d… https://t.co/DGDPWoZeMo",2018-02-02 18:01:28+00:00,0.3182,0.148,0.086,0.766
@CNN,77,JUST IN: Read the highly controversial Republican memo alleging FBI abuses https://t.co/IgTANrS0BR,2018-02-02 17:49:19+00:00,-0.6901,0.0,0.363,0.637
@CNN,78,RT @CNNPolitics: The disputed GOP-Nunes intelligence memo has been released https://t.co/2lfCtvinda https://t.co/COpYwRIWUY,2018-02-02 17:34:22+00:00,0.1779,0.2,0.155,0.645
@CNN,79,"RT @CNNPolitics: President Trump implies the Nunes memo exposes bias in the FBI: ""I think it's a disgrace ... a lot of people should be ash…",2018-02-02 17:13:34+00:00,-0.6249,0.0,0.225,0.775
@CNN,80,"Father of three daughters who were all assaulted by Larry Nassar tries to tackle the disgraced doctor in court, aft… https://t.co/8t2t0T15Ck",2018-02-02 17:04:03+00:00,-0.7506,0.0,0.252,0.748
@CNN,81,"BREAKING: President Trump has authorized the release of a controversial Republican memo, and has sent word to the H… https://t.co/KC22jPsug3",2018-02-02 16:55:04+00:00,-0.2023,0.0,0.091,0.909
@CNN,82,Rotten Tomatoes condemns plan to flood 'Black Panther' with negative reviews https://t.co/kkdDmAypBZ https://t.co/gqpT9H5AEk,2018-02-02 16:44:14+00:00,-0.8834,0.0,0.507,0.493
@CNN,83,"16 more children have died from the flu, bringing the total number of pediatric flu-related deaths to 53 for the se… https://t.co/L7GHB8zxrD",2018-02-02 16:32:31+00:00,-0.7322,0.049,0.242,0.71
@CNN,84,Amazon's idea for employee-tracking wearables raises concerns https://t.co/BJHHU22EP4 https://t.co/8iQAz7ltGp,2018-02-02 16:21:02+00:00,0.0,0.0,0.0,1.0
@CNN,85,Former first lady Michelle Obama is poised to make her first major speech since leaving office today https://t.co/wdwKC5zRW8,2018-02-02 15:55:03+00:00,0.25,0.105,0.0,0.895
@CNN,86,Secretary of Defense James Mattis warns the Syrian regime against the use of chemical weapons… https://t.co/PoQkIE95Yc,2018-02-02 15:45:13+00:00,0.0258,0.089,0.083,0.828
@CNN,87,'Black Panther' is outselling every previous superhero film in advance ticket sales https://t.co/OM77wOHNY2 https://t.co/6LXZjN2i0A,2018-02-02 15:34:09+00:00,0.0,0.0,0.0,1.0
@CNN,88,Punxsutawney Phil saw his shadow this morning -- welcome to six more weeks of winter https://t.co/9oSp0rhizm https://t.co/PwgzpYaMuK,2018-02-02 15:22:40+00:00,0.4588,0.158,0.0,0.842
@CNN,89,Why a high school that's just 5% black is raising the Black Lives Matter flag https://t.co/PUuxH963S6 https://t.co/S8uB7iwpTn,2018-02-02 15:11:24+00:00,0.0258,0.068,0.0,0.932
@CNN,90,The tax cut is a $6 billion gift to Exxon https://t.co/02J48z2JwN,2018-02-02 15:02:38+00:00,0.2023,0.223,0.162,0.615
@CNN,91,JUST IN: Father of three daughters who were all assaulted by Larry Nassar tries to tackle the disgraced doctor in c… https://t.co/NZyAkdIOyx,2018-02-02 14:25:35+00:00,-0.7506,0.0,0.242,0.758
@CNN,92,At least 90 migrants are believed to have died after their boat sank off the coast of Libya https://t.co/MHCT8E6LJm,2018-02-02 14:06:40+00:00,-0.5574,0.0,0.167,0.833
@CNN,93,Iranian police have arrested 29 people for their involvement in protests against the country's compulsory headscarf… https://t.co/bgwKitQqAF,2018-02-02 13:51:13+00:00,-0.6124,0.0,0.25,0.75
@CNN,94,Man sentenced to life for attack near London's Finsbury Park Mosque https://t.co/h77zdFmvGM,2018-02-02 13:37:17+00:00,-0.4939,0.0,0.296,0.704
@CNN,95,"The onset of Alzheimer's can come as early as 30 years before the patient experiences any symptoms, so tests for ea… https://t.co/L8dp3Zh5mP",2018-02-02 13:23:35+00:00,0.0,0.0,0.0,1.0
@CNN,96,"Former Director of National Intelligence James Clapper calls Republicans' push to release Nunes memo a ""blatant pol… https://t.co/Cxgqq2ajNq",2018-02-02 13:08:49+00:00,0.4767,0.162,0.0,0.838
@CNN,97,Punxsutawney Phil saw his shadow this morning -- welcome to six more weeks of winter https://t.co/gVCRcXjKiu https://t.co/0ABKLpV3Fs,2018-02-02 12:55:08+00:00,0.4588,0.158,0.0,0.842
@CNN,98,A French dairy producer has admitted that the company may have been producing contaminated infant milk powder for w… https://t.co/NjVu7DX8d5,2018-02-02 12:49:27+00:00,0.1027,0.072,0.0,0.928
@CNN,99,"Speaker after speaker came forward, some in tears, recalling being sexually assaulted and unable to find help https://t.co/zQIGEqbYEw",2018-02-02 12:35:33+00:00,-0.3818,0.117,0.23,0.652
@FoxNews,0,"A distraught father apologized for charging at Larry Nassar in court Friday. He ended with these parting words: ""I… https://t.co/DabEQcKLGd",2018-02-03 01:06:30+00:00,-0.3182,0.1,0.157,0.742
@FoxNews,1,.@DevinNunes tells Fox News memo was released out of public obligation https://t.co/EL4KYalEfa https://t.co/Ogz9AZeAie,2018-02-03 01:00:33+00:00,0.0,0.0,0.0,1.0
@FoxNews,2,.@RepDeSantis: 'We Still Don't Have Evidence of Any Trump-Russia Campaign Collusion' https://t.co/rch7gtVSLD,2018-02-03 00:59:00+00:00,0.0,0.0,0.0,1.0
@FoxNews,3,Pentagon announces plan to expand nuclear arsenal in face of Russian threat https://t.co/Fx6Y7YWnl3,2018-02-03 00:51:00+00:00,-0.2732,0.138,0.204,0.659
@FoxNews,4,Video of Tom Brady kissing son on the lips sparks internet outcry https://t.co/QDgBtmxDzY,2018-02-03 00:38:34+00:00,0.1027,0.206,0.183,0.611
@FoxNews,5,".@jasoninthehouse: ""It's shocking how willingly &amp; easily the senior leadership of the @FBI was manipulated, &amp; to ha… https://t.co/GTF95RoSLI",2018-02-03 00:30:03+00:00,-0.4404,0.101,0.224,0.675
@FoxNews,6,".@RepPeteKing: ""The American public should realize: this isn't giving somebody a traffic ticket. Going into a FISA… https://t.co/3obpQ0gG7T",2018-02-03 00:21:32+00:00,-0.2584,0.0,0.12,0.88
@FoxNews,7,".@RepPeteKing: ""I was one of those people who, over the years, supported Jim Comey. I am really disappointed. That… https://t.co/O8gHRsm5k8",2018-02-03 00:18:08+00:00,-0.2716,0.101,0.15,0.749
@FoxNews,8,".@mschlapp on Dem contradictions over FISA memo: ""Is it gonna destroy our national security if this document is rel… https://t.co/PkD2K7hWmN",2018-02-03 00:15:11+00:00,-0.5267,0.095,0.23,0.675
@FoxNews,9,".@ByronYork on GOP FISA memo: ""The release of this memo has created a lot of momentum for the release of more stuff… https://t.co/EwMF6M8eBM",2018-02-02 23:56:27+00:00,0.25,0.087,0.0,0.913
@FoxNews,10,".@SusanPage on GOP FISA memo: ""[@POTUS'] tweet this morning, the president's comments... indicate that he would lik… https://t.co/rsUAq5cRWV",2018-02-02 23:51:24+00:00,0.0,0.0,0.0,1.0
@FoxNews,11,".@DevinNunes on @Comey tweets: ""I think the American people understand that the FBI should not go to secret courts… https://t.co/xmNYn1Khfh",2018-02-02 23:35:43+00:00,0.0,0.0,0.0,1.0
@FoxNews,12,".@DevinNunes on GOP FISA memo: ""This is not trying to go after some terrorist... the FBI opened a counterintelligen… https://t.co/yvWSZjMYcN",2018-02-02 23:30:47+00:00,0.0,0.0,0.0,1.0
@FoxNews,13,".@DevinNunes on the Democrats' FISA memo: ""I get tired of playing whack-a-mole every day with the Democrats on this… https://t.co/Qi8AuyTMVO",2018-02-02 23:26:43+00:00,-0.2732,0.079,0.128,0.793
@FoxNews,14,".@DevinNunes on GOP FISA memo: ""The only area that I am familiar with that we left out would be the history of Cart… https://t.co/Hh2X73T8oE",2018-02-02 23:19:09+00:00,0.0,0.0,0.0,1.0
@FoxNews,15,".@DevinNunes on GOP FISA memo: ""I didn't want to have to do this but the sad part is is that I have an obligation t… https://t.co/7E7cqIfFxg",2018-02-02 23:12:20+00:00,-0.6441,0.0,0.186,0.814
@FoxNews,16,Medal of Honor Recipients to Participate in Super Bowl Coin Toss https://t.co/nYKMjgHMEI,2018-02-02 23:05:49+00:00,0.8807,0.531,0.0,0.469
@FoxNews,17,The father of three Larry Nassar sex assault victims won't be charged after he lunged at the disgraced doctor in a… https://t.co/4A86eKVqSg,2018-02-02 22:51:02+00:00,-0.818,0.055,0.317,0.627
@FoxNews,18,Herschel Walker: Players Received 'Hush Money' From NFL to Stand for Anthem https://t.co/nxRgTzbXh7,2018-02-02 22:50:41+00:00,0.0,0.0,0.0,1.0
@FoxNews,19,"BREAKING: Jon Huntsman Sr., billionaire philanthropist and father of the ambassador to Russia, Jon Jr., is dead at… https://t.co/qtULnUAJHU",2018-02-02 22:43:05+00:00,-0.6486,0.0,0.193,0.807
@FoxNews,20,"A distraught father apologized for charging at Larry Nassar in court Friday. He ended with these parting words: ""I… https://t.co/DabEQcKLGd",2018-02-03 01:06:30+00:00,-0.3182,0.1,0.157,0.742
@FoxNews,21,.@DevinNunes tells Fox News memo was released out of public obligation https://t.co/EL4KYalEfa https://t.co/Ogz9AZeAie,2018-02-03 01:00:33+00:00,0.0,0.0,0.0,1.0
@FoxNews,22,.@RepDeSantis: 'We Still Don't Have Evidence of Any Trump-Russia Campaign Collusion' https://t.co/rch7gtVSLD,2018-02-03 00:59:00+00:00,0.0,0.0,0.0,1.0
@FoxNews,23,Pentagon announces plan to expand nuclear arsenal in face of Russian threat https://t.co/Fx6Y7YWnl3,2018-02-03 00:51:00+00:00,-0.2732,0.138,0.204,0.659
@FoxNews,24,Video of Tom Brady kissing son on the lips sparks internet outcry https://t.co/QDgBtmxDzY,2018-02-03 00:38:34+00:00,0.1027,0.206,0.183,0.611
@FoxNews,25,".@jasoninthehouse: ""It's shocking how willingly &amp; easily the senior leadership of the @FBI was manipulated, &amp; to ha… https://t.co/GTF95RoSLI",2018-02-03 00:30:03+00:00,-0.4404,0.101,0.224,0.675
@FoxNews,26,".@RepPeteKing: ""The American public should realize: this isn't giving somebody a traffic ticket. Going into a FISA… https://t.co/3obpQ0gG7T",2018-02-03 00:21:32+00:00,-0.2584,0.0,0.12,0.88
@FoxNews,27,".@RepPeteKing: ""I was one of those people who, over the years, supported Jim Comey. I am really disappointed. That… https://t.co/O8gHRsm5k8",2018-02-03 00:18:08+00:00,-0.2716,0.101,0.15,0.749
@FoxNews,28,".@mschlapp on Dem contradictions over FISA memo: ""Is it gonna destroy our national security if this document is rel… https://t.co/PkD2K7hWmN",2018-02-03 00:15:11+00:00,-0.5267,0.095,0.23,0.675
@FoxNews,29,".@ByronYork on GOP FISA memo: ""The release of this memo has created a lot of momentum for the release of more stuff… https://t.co/EwMF6M8eBM",2018-02-02 23:56:27+00:00,0.25,0.087,0.0,0.913
@FoxNews,30,".@SusanPage on GOP FISA memo: ""[@POTUS'] tweet this morning, the president's comments... indicate that he would lik… https://t.co/rsUAq5cRWV",2018-02-02 23:51:24+00:00,0.0,0.0,0.0,1.0
@FoxNews,31,".@DevinNunes on @Comey tweets: ""I think the American people understand that the FBI should not go to secret courts… https://t.co/xmNYn1Khfh",2018-02-02 23:35:43+00:00,0.0,0.0,0.0,1.0
@FoxNews,32,".@DevinNunes on GOP FISA memo: ""This is not trying to go after some terrorist... the FBI opened a counterintelligen… https://t.co/yvWSZjMYcN",2018-02-02 23:30:47+00:00,0.0,0.0,0.0,1.0
@FoxNews,33,".@DevinNunes on the Democrats' FISA memo: ""I get tired of playing whack-a-mole every day with the Democrats on this… https://t.co/Qi8AuyTMVO",2018-02-02 23:26:43+00:00,-0.2732,0.079,0.128,0.793
@FoxNews,34,".@DevinNunes on GOP FISA memo: ""The only area that I am familiar with that we left out would be the history of Cart… https://t.co/Hh2X73T8oE",2018-02-02 23:19:09+00:00,0.0,0.0,0.0,1.0
@FoxNews,35,".@DevinNunes on GOP FISA memo: ""I didn't want to have to do this but the sad part is is that I have an obligation t… https://t.co/7E7cqIfFxg",2018-02-02 23:12:20+00:00,-0.6441,0.0,0.186,0.814
@FoxNews,36,Medal of Honor Recipients to Participate in Super Bowl Coin Toss https://t.co/nYKMjgHMEI,2018-02-02 23:05:49+00:00,0.8807,0.531,0.0,0.469
@FoxNews,37,The father of three Larry Nassar sex assault victims won't be charged after he lunged at the disgraced doctor in a… https://t.co/4A86eKVqSg,2018-02-02 22:51:02+00:00,-0.818,0.055,0.317,0.627
@FoxNews,38,Herschel Walker: Players Received 'Hush Money' From NFL to Stand for Anthem https://t.co/nxRgTzbXh7,2018-02-02 22:50:41+00:00,0.0,0.0,0.0,1.0
@FoxNews,39,"BREAKING: Jon Huntsman Sr., billionaire philanthropist and father of the ambassador to Russia, Jon Jr., is dead at… https://t.co/qtULnUAJHU",2018-02-02 22:43:05+00:00,-0.6486,0.0,0.193,0.807
@FoxNews,40,What does this hippo know that we don't? Fiona the Hippo registered her @SuperBowl pick at the @CincinnatiZoo on Th… https://t.co/GQBYsZRHhF,2018-02-02 22:41:25+00:00,0.0,0.0,0.0,1.0
@FoxNews,41,".@TheJuanWilliams on emotional support peacock woman reportedly tried to bring on flight: ""I don't get this. But it… https://t.co/LqxJAE6Ez5",2018-02-02 22:39:11+00:00,0.5106,0.202,0.0,0.798
@FoxNews,42,TUNE IN: Rep. Devin Nunes speaks exclusively to @BretBaier tonight at 6p ET on Fox News Channel's #SpecialReport.… https://t.co/OYKmK24X1h,2018-02-02 22:30:03+00:00,0.0,0.0,0.0,1.0
@FoxNews,43,What is Nunes' FISA memo? 6 things to know about the secret document https://t.co/cc5RkmAUNa,2018-02-02 22:22:30+00:00,0.0,0.0,0.0,1.0
@FoxNews,44,"Flu hospitalizations are 'the highest we've seen,' CDC says https://t.co/gDOtrNj1Qh",2018-02-02 22:16:00+00:00,-0.3818,0.0,0.224,0.776
@FoxNews,45,Winter Olympic athletes to receive record number of condoms https://t.co/dc1jtJ3iTi,2018-02-02 22:10:05+00:00,0.0772,0.126,0.0,0.874
@FoxNews,46,"Russia building a 'doomsday' torpedo, leaked Pentagon report draft says https://t.co/HhRMtEfLBT",2018-02-02 22:03:01+00:00,-0.3182,0.0,0.204,0.796
@FoxNews,47,"Warner Wolf on NFL protests: ""If I'm a serviceman, especially an active duty, and I see [NFL players] disrespect th… https://t.co/jJGCfIcUxi",2018-02-02 22:02:02+00:00,-0.1832,0.126,0.198,0.676
@FoxNews,48,Nunes' FISA memo sparks reactions from politicians https://t.co/9EkWpD87X4,2018-02-02 21:51:59+00:00,0.0,0.0,0.0,1.0
@FoxNews,49,"Tom Dupree on GOP FISA memo: ""The memo makes a very serious charge, make no mistake about that. It essentially accu… https://t.co/oHqjlWC5E8",2018-02-02 21:47:44+00:00,-0.6361,0.0,0.256,0.744
@FoxNews,50,Medal of Honor Recipients to Participate in Super Bowl Coin Toss https://t.co/bVrjyujYFA,2018-02-02 21:39:50+00:00,0.8807,0.531,0.0,0.469
@FoxNews,51,"Bre Payton on GOP FISA memo: ""It's very clear that the FBI was aware that [Christopher Steele] was an unreliable so… https://t.co/fxQm13tI5I",2018-02-02 21:35:30+00:00,0.4391,0.121,0.0,0.879
@FoxNews,52,.@AlanDersh: The Nunes FISA memo deserves more investigation. Time for a nonpartisan commission https://t.co/PqKPq9QB9H,2018-02-02 21:24:05+00:00,0.0,0.0,0.0,1.0
@FoxNews,53,".@DianeBlackTN on FISA memo: ""This is serious stuff when the government is allowed to go and investigate American c… https://t.co/5p6ktnLr3s",2018-02-02 21:22:17+00:00,-0.0772,0.0,0.064,0.936
@FoxNews,54,"RT @FoxBusiness: #BreakingNews: Dow sees steepest selloff since Brexit on June 24, 2016 https://t.co/jGJpsvx3cb https://t.co/92Wq4bQKr0",2018-02-02 21:18:17+00:00,0.0,0.0,0.0,1.0
@FoxNews,55,"Brian Brenberg on rising interest rates: ""Wall Street's throwing a tantrum here because they don't like the fact th… https://t.co/QJv882DrSt",2018-02-02 21:15:40+00:00,-0.2287,0.125,0.205,0.669
@FoxNews,56,"TONIGHT on ""Special Report,"" @DevinNunes speaks exclusively to @BretBaier  - Tune in at 6p ET on Fox News Channel. https://t.co/jB06HKnAz5",2018-02-02 21:00:02+00:00,0.4019,0.13,0.0,0.87
@FoxNews,57,Dow drops more than 600 points; @GerriWillisFBN discusses with @ShepNewsTeam. https://t.co/JtMGUw2LTW,2018-02-02 20:59:04+00:00,0.0,0.0,0.0,1.0
@FoxNews,58,".@ShepNewsTeam: ""The Dow is off 645 points, 2.48%. That is the largest day drop, if it closes like this, since Brex… https://t.co/tu5ie2elj2",2018-02-02 20:49:16+00:00,0.1027,0.102,0.085,0.813
@FoxNews,59,Attorneys for former Trump campaign adviser Rick Gates asks to withdraw from case. https://t.co/6vlktACwcJ,2018-02-02 20:46:34+00:00,0.0,0.0,0.0,1.0
@FoxNews,60,".@NancyPelosi, prior to #memo's release: ""It's a bogus memo. It's not based on fact."" https://t.co/tdXiIGDNNv https://t.co/Fo1ioubuNx",2018-02-02 20:40:40+00:00,0.0,0.0,0.0,1.0
@FoxNews,61,James @Comey slams FISA memo as 'dishonest' and 'misleading' - @via @brookefoxnews https://t.co/SleE87LWtR https://t.co/P7CPFqrGhW,2018-02-02 20:36:54+00:00,0.0,0.0,0.0,1.0
@FoxNews,62,".@TomFitton: ""There's no Mueller investigation without the dossier paid for by Clinton and @DNC funds - so the whol… https://t.co/0lDKcBxpXF",2018-02-02 20:34:56+00:00,-0.296,0.0,0.109,0.891
@FoxNews,63,"Chris Wallace on FISA memo: ""I wouldn't say it's worse than Watergate, as some people have said, and I wouldn't say… https://t.co/AfoHM43Mpt",2018-02-02 20:27:45+00:00,0.3724,0.113,0.0,0.887
@FoxNews,64,"James Comey slams FISA memo as 'dishonest' and 'misleading' - via @brookefoxnews
https://t.co/OaO9AL9IBg",2018-02-02 20:27:19+00:00,0.0,0.0,0.0,1.0
@FoxNews,65,"RT @FoxNewsResearch: Typical FISA Request
•Ranges 30-100 pages
•Overview of the evidence
•Legal memorandum from career intelligence lawyer…",2018-02-02 20:14:08+00:00,0.4767,0.154,0.0,0.846
@FoxNews,66,READ THE MEMO: House Intelligence Committee report on FISA abuses https://t.co/cXWV4CkoNU,2018-02-02 20:08:57+00:00,-0.128,0.197,0.229,0.573
@FoxNews,67,RT @FoxBusiness: Americans' big spending for Super Bowl Sunday festivities https://t.co/3OKUHPHBSM,2018-02-02 20:01:18+00:00,0.7906,0.438,0.0,0.562
@FoxNews,68,House Intelligence Committee releases GOP surveillance #memo. #MemoDay https://t.co/jT5YHRsYjz https://t.co/vxx4MJs6rZ,2018-02-02 19:49:03+00:00,0.4767,0.256,0.0,0.744
@FoxNews,69,"Moments ago, actor @RealJamesWoods did not hold back in his reaction to the Nunes memo. https://t.co/5v5qfh17vS… https://t.co/kK1wFlLnIS",2018-02-02 19:39:27+00:00,0.0,0.0,0.0,1.0
@FoxNews,70,RT @FoxBusiness: U.S. markets - from Election Day. https://t.co/CQSMX7OFej,2018-02-02 19:38:38+00:00,0.0,0.0,0.0,1.0
@FoxNews,71,FISA Memo: Dossier Author Steele Admitted He Was 'Desperate' for Trump Not to Get Elected https://t.co/db1jeHEJmR,2018-02-02 19:35:48+00:00,0.1027,0.085,0.0,0.915
@FoxNews,72,.@SpeakerRyan statement on #Memo. #MemoDay https://t.co/jT5YHRsYjz https://t.co/bIbyx5Ibo0,2018-02-02 19:31:44+00:00,0.0,0.0,0.0,1.0
@FoxNews,73,RT @FoxBusiness: Twinkie maker to give out bonuses after Trump tax cut https://t.co/NiMgV9vkpT,2018-02-02 19:30:59+00:00,0.3612,0.216,0.126,0.659
@FoxNews,74,"RT @FoxBusiness: .@CBedfordDC on the potential impact on the stock market from the FISA memo: ""We shouldn't really watch for any real serio…",2018-02-02 19:30:51+00:00,0.0,0.0,0.0,1.0
@FoxNews,75,'A Lot of People Should Be Ashamed': President Trump Reacts to Surveillance Memo #MemoDay https://t.co/jT5YHRsYjz https://t.co/tIo56nN9s7,2018-02-02 19:29:29+00:00,0.0,0.0,0.0,1.0
@FoxNews,76,What is Nunes' FISA memo? 6 things to know about the secret document https://t.co/e6YLG66ey4,2018-02-02 19:25:52+00:00,0.0,0.0,0.0,1.0
@FoxNews,77,House #memo states disputed dossier was key to FBI’s FISA warrant to surveil members of Team Trump https://t.co/DkRQClnFk1,2018-02-02 19:13:52+00:00,-0.34,0.0,0.124,0.876
@FoxNews,78,".@mattgaetz: ""Dem. Party hired the Perkins law firm. The Perkins law firm hired Fusion GPS. Fusion GPS hired Christ… https://t.co/mAOfItmfom",2018-02-02 19:05:02+00:00,0.4019,0.124,0.0,0.876
@FoxNews,79,"FISA memo: Steele fired as an FBI source for breaking 'cardinal rule' --leaking to the media - via @brookefoxnews
https://t.co/cX0RoVSsvi",2018-02-02 19:00:41+00:00,-0.5574,0.0,0.167,0.833
@FoxNews,80,".@RepMattGaetz: ""A dossier, paid for the Democratic Party, was used as a basis to spy on American citizens. That do… https://t.co/2MeWAghMOc",2018-02-02 18:59:56+00:00,0.4019,0.124,0.0,0.876
@FoxNews,81,".@TomFitton: ""There's no Mueller investigation without the dossier paid for by Clinton and @DNC funds - so the whol… https://t.co/qzqj2F1z7X",2018-02-02 18:58:02+00:00,-0.296,0.0,0.109,0.891
@FoxNews,82,"Moments ago, James @Comey responded to the release of the #Memo: ""That’s it?"" #MemoDay https://t.co/5v5qfh17vS https://t.co/hFjl9km8h7",2018-02-02 18:55:19+00:00,0.0,0.0,0.0,1.0
@FoxNews,83,"Gaetz: ""The Dem. Party hired the Perkins law firm. The Perkins law firm hired Fusion GPS. Fusion GPS hired Christop… https://t.co/dMu85cvCbb",2018-02-02 18:49:49+00:00,0.4019,0.119,0.0,0.881
@FoxNews,84,"Chuck Norris gives roundhouse kick to CBS, Sony, suing for $30 million over 'Walker, Texas Ranger' profits (via… https://t.co/Ijs261cWWd",2018-02-02 18:47:56+00:00,0.2023,0.132,0.095,0.773
@FoxNews,85,"Florida man was three times over legal drinking limit when he dropped kid off at school, police say https://t.co/hGu5lyUJxS",2018-02-02 18:44:43+00:00,0.128,0.077,0.0,0.923
@FoxNews,86,House memo states disputed dossier was key to FBI’s FISA warrant to surveil members of Team Trump https://t.co/DkRQClnFk1,2018-02-02 18:40:04+00:00,-0.34,0.0,0.124,0.876
@FoxNews,87,"“The Committee has discovered serious violations of the public trust,"" @DevinNunes said in a statement after the Ho… https://t.co/b172Bo4zNb",2018-02-02 18:29:50+00:00,-0.5719,0.0,0.227,0.773
@FoxNews,88,".@RepDeSantis: ""It answers the question about did the @FBI used this Democrat Party-funded dossier to obtain survei… https://t.co/9xHtAfnD9X",2018-02-02 18:29:15+00:00,0.0,0.0,0.0,1.0
@FoxNews,89,".@AriFleischer: ""Unless [@POTUS's] firing of @Comey created obstruction, @realDonaldTrump is in the clear, and the… https://t.co/TSbsjfhTX4",2018-02-02 18:25:25+00:00,0.296,0.23,0.12,0.65
@FoxNews,90,".@RepDeSantis: ""We're in 2018 now and we still don't have evidence of any Trump-Russia campaign collusion.""… https://t.co/PfKG3AAyBE",2018-02-02 18:21:12+00:00,0.0,0.0,0.0,1.0
@FoxNews,91,".@RepDeSantis: ""This whole Russia stuff was, I think, much more wishful thinking on the part of @FBI agents like Pe… https://t.co/x4GrfyrrA0",2018-02-02 18:19:50+00:00,0.3612,0.116,0.0,0.884
@FoxNews,92,".@RepDeSantis: ""This whole Russia narrative was based off anonymous sources, months and months of leaks from the bu… https://t.co/w9wYoyqdR8",2018-02-02 18:18:30+00:00,0.0,0.0,0.0,1.0
@FoxNews,93,".@RepDeSantis: ""It's a confluence of the Democratic Party, the Obama Administration, Fusion GPS, the media.""… https://t.co/fRgXJwj5Om",2018-02-02 18:15:17+00:00,0.4019,0.162,0.0,0.838
@FoxNews,94,".@RepDeSantis: ""It answers the question about did the @FBI used this Democrat Party-funded dossier to obtain survei… https://t.co/Ud81wQHCg9",2018-02-02 18:14:23+00:00,0.0,0.0,0.0,1.0
@FoxNews,95,Workers celebrate more money in paychecks after tax cuts https://t.co/N6FLSkWsqh,2018-02-02 18:11:37+00:00,0.3612,0.266,0.158,0.576
@FoxNews,96,READ: The full House Intelligence Committee Report On FISA Abuses. https://t.co/5v5qfh17vS https://t.co/AbI0ysLKR8,2018-02-02 18:04:47+00:00,-0.128,0.186,0.216,0.599
@FoxNews,97,'A Lot of People Should Be Ashamed': President Trump Reacts to Surveillance Memo #MemoDay https://t.co/jT5YHRsYjz https://t.co/CTVJw0O2ox,2018-02-02 18:03:24+00:00,0.0,0.0,0.0,1.0
@FoxNews,98,House memo states disputed dossier was key to FBI’s FISA warrant to surveil members of Team Trump https://t.co/DkRQClnFk1,2018-02-02 17:59:15+00:00,-0.34,0.0,0.124,0.876
@FoxNews,99,".@johnrobertsFox: ""The person who testified to the Intel. Cmte that there would've been no FISA warrant had it not… https://t.co/yLxLsBtd4B",2018-02-02 17:55:30+00:00,-0.296,0.0,0.104,0.896
@nytimes,0,The flu hospitalization rate is the highest that the CDC has ever recorded at this point in the season https://t.co/DxCJ1QA1zJ,2018-02-03 01:03:02+00:00,-0.3818,0.0,0.12,0.88
@nytimes,1,RT @nytpolitics: President Trump hinted that senior leaders at the Department of Justice and the F.B.I. should face consequences for conduc…,2018-02-03 00:48:02+00:00,0.5267,0.145,0.0,0.855
@nytimes,2,"Dozens of entrepreneurs, made newly wealthy by virtual currencies, have moved to Puerto Rico to avoid taxes on thei… https://t.co/LvwhivSPaA",2018-02-03 00:33:05+00:00,0.0772,0.11,0.097,0.793
@nytimes,3,"One of nearly 9,000 educators protected under DACA, Karen Reyes, who teaches deaf toddlers, has struggled to explai… https://t.co/RCMCBYePSv",2018-02-03 00:18:04+00:00,0.128,0.13,0.108,0.762
@nytimes,4,Evening Briefing: Here's what you need to know at the end of the day https://t.co/aKk9AQWU7t,2018-02-03 00:03:05+00:00,0.0,0.0,0.0,1.0
@nytimes,5,Wells Fargo has been ordered to replace 4 board members and limit its growth after the company’s scandal over fraud… https://t.co/pHw1OAaOUF,2018-02-02 23:48:05+00:00,0.1779,0.188,0.118,0.694
@nytimes,6,"The Best TV shows and movies new to Netflix, Amazon and more in February https://t.co/M74NBd9LX2",2018-02-02 23:33:05+00:00,0.7096,0.312,0.0,0.688
@nytimes,7,Plans by a Norwegian artist for an unusual new building next to the site of Edvard Munch’s studio have stirred a he… https://t.co/9b0tGuprby,2018-02-02 23:18:05+00:00,0.0,0.0,0.0,1.0
@nytimes,8,"RT @NYTScience: When the anesthetic wore off, it was almost like these plants were regaining consciousness, something we typically don’t th…",2018-02-02 23:08:04+00:00,0.2975,0.099,0.0,0.901
@nytimes,9,"In an email to staff, Wayne Pacelle said that because “our mission depends on unity,” he was stepping aside to allo… https://t.co/7qRFMDl9VT",2018-02-02 22:56:00+00:00,0.0,0.0,0.0,1.0
@nytimes,10,Breaking News: The CEO of the Humane Society of the United States resigned after sexual harassment allegations and… https://t.co/IDKlXlfBGY,2018-02-02 22:50:16+00:00,-0.4019,0.115,0.226,0.658
@nytimes,11,"The NYT review of Justin Timberlake's new album, ""Man of the Woods"" https://t.co/ikHJeLCwNI",2018-02-02 22:43:07+00:00,0.0,0.0,0.0,1.0
@nytimes,12,"Kenya's government is defying a court order to put 4 private TV stations back on the air, escalating a week of poli… https://t.co/ZbaNVkpdbL",2018-02-02 22:35:04+00:00,0.0,0.0,0.0,1.0
@nytimes,13,@pete_wells Salt Bae opened a steakhouse in New York City. We sent our restaurant critic @pete_wells.… https://t.co/MPjDTqFXmg,2018-02-02 22:31:19+00:00,-0.2732,0.0,0.123,0.877
@nytimes,14,Our reporters analyzed the previously secret GOP memo on the Russia inquiry. Here are their notes alongside the mem… https://t.co/siCQcABdsg,2018-02-02 22:18:03+00:00,0.0,0.0,0.0,1.0
@nytimes,15,RT @benshpigel: The Eagles' embrace of data and counterintuitive thinking powered them to the Super Bowl. I visited the analytics firm behi…,2018-02-02 22:03:03+00:00,0.7351,0.246,0.0,0.754
@nytimes,16,"Modern Love: ""I told myself that, despite my own past struggles with fidelity, I would do it better this time"" https://t.co/oUnM3BiIMD",2018-02-02 21:51:06+00:00,0.6808,0.267,0.094,0.639
@nytimes,17,"As more predators are being brought to justice, more men in England and Wales are reporting abuse and seeking help… https://t.co/GGSpaKVcoj",2018-02-02 21:35:07+00:00,-0.2023,0.128,0.158,0.714
@nytimes,18,Salt Bae opened a steakhouse to New York City. We sent our restaurant critic @pete_wells. https://t.co/VQ1VoGD9jO,2018-02-02 21:20:07+00:00,-0.2732,0.0,0.13,0.87
@nytimes,19,"RT @amyfiscus: NEW: The FBI was a lot more forthcoming about Steele than the Nunes memo says, per the Dem memo https://t.co/EmYyFcHQ0T http…",2018-02-02 21:16:36+00:00,0.0,0.0,0.0,1.0
@nytimes,20,The flu hospitalization rate is the highest that the CDC has ever recorded at this point in the season https://t.co/DxCJ1QA1zJ,2018-02-03 01:03:02+00:00,-0.3818,0.0,0.12,0.88
@nytimes,21,RT @nytpolitics: President Trump hinted that senior leaders at the Department of Justice and the F.B.I. should face consequences for conduc…,2018-02-03 00:48:02+00:00,0.5267,0.145,0.0,0.855
@nytimes,22,"Dozens of entrepreneurs, made newly wealthy by virtual currencies, have moved to Puerto Rico to avoid taxes on thei… https://t.co/LvwhivSPaA",2018-02-03 00:33:05+00:00,0.0772,0.11,0.097,0.793
@nytimes,23,"One of nearly 9,000 educators protected under DACA, Karen Reyes, who teaches deaf toddlers, has struggled to explai… https://t.co/RCMCBYePSv",2018-02-03 00:18:04+00:00,0.128,0.13,0.108,0.762
@nytimes,24,Evening Briefing: Here's what you need to know at the end of the day https://t.co/aKk9AQWU7t,2018-02-03 00:03:05+00:00,0.0,0.0,0.0,1.0
@nytimes,25,Wells Fargo has been ordered to replace 4 board members and limit its growth after the company’s scandal over fraud… https://t.co/pHw1OAaOUF,2018-02-02 23:48:05+00:00,0.1779,0.188,0.118,0.694
@nytimes,26,"The Best TV shows and movies new to Netflix, Amazon and more in February https://t.co/M74NBd9LX2",2018-02-02 23:33:05+00:00,0.7096,0.312,0.0,0.688
@nytimes,27,Plans by a Norwegian artist for an unusual new building next to the site of Edvard Munch’s studio have stirred a he… https://t.co/9b0tGuprby,2018-02-02 23:18:05+00:00,0.0,0.0,0.0,1.0
@nytimes,28,"RT @NYTScience: When the anesthetic wore off, it was almost like these plants were regaining consciousness, something we typically don’t th…",2018-02-02 23:08:04+00:00,0.2975,0.099,0.0,0.901
@nytimes,29,"In an email to staff, Wayne Pacelle said that because “our mission depends on unity,” he was stepping aside to allo… https://t.co/7qRFMDl9VT",2018-02-02 22:56:00+00:00,0.0,0.0,0.0,1.0
@nytimes,30,Breaking News: The CEO of the Humane Society of the United States resigned after sexual harassment allegations and… https://t.co/IDKlXlfBGY,2018-02-02 22:50:16+00:00,-0.4019,0.115,0.226,0.658
@nytimes,31,"The NYT review of Justin Timberlake's new album, ""Man of the Woods"" https://t.co/ikHJeLCwNI",2018-02-02 22:43:07+00:00,0.0,0.0,0.0,1.0
@nytimes,32,"Kenya's government is defying a court order to put 4 private TV stations back on the air, escalating a week of poli… https://t.co/ZbaNVkpdbL",2018-02-02 22:35:04+00:00,0.0,0.0,0.0,1.0
@nytimes,33,@pete_wells Salt Bae opened a steakhouse in New York City. We sent our restaurant critic @pete_wells.… https://t.co/MPjDTqFXmg,2018-02-02 22:31:19+00:00,-0.2732,0.0,0.123,0.877
@nytimes,34,Our reporters analyzed the previously secret GOP memo on the Russia inquiry. Here are their notes alongside the mem… https://t.co/siCQcABdsg,2018-02-02 22:18:03+00:00,0.0,0.0,0.0,1.0
@nytimes,35,RT @benshpigel: The Eagles' embrace of data and counterintuitive thinking powered them to the Super Bowl. I visited the analytics firm behi…,2018-02-02 22:03:03+00:00,0.7351,0.246,0.0,0.754
@nytimes,36,"Modern Love: ""I told myself that, despite my own past struggles with fidelity, I would do it better this time"" https://t.co/oUnM3BiIMD",2018-02-02 21:51:06+00:00,0.6808,0.267,0.094,0.639
@nytimes,37,"As more predators are being brought to justice, more men in England and Wales are reporting abuse and seeking help… https://t.co/GGSpaKVcoj",2018-02-02 21:35:07+00:00,-0.2023,0.128,0.158,0.714
@nytimes,38,Salt Bae opened a steakhouse to New York City. We sent our restaurant critic @pete_wells. https://t.co/VQ1VoGD9jO,2018-02-02 21:20:07+00:00,-0.2732,0.0,0.13,0.87
@nytimes,39,"RT @amyfiscus: NEW: The FBI was a lot more forthcoming about Steele than the Nunes memo says, per the Dem memo https://t.co/EmYyFcHQ0T http…",2018-02-02 21:16:36+00:00,0.0,0.0,0.0,1.0
@nytimes,40,Breaking News: Stocks ended a bad week with a sharp drop today. Investors appear to be skittish about rising intere… https://t.co/RD6CoDXsts,2018-02-02 21:13:03+00:00,-0.6808,0.0,0.248,0.752
@nytimes,41,"What if your employer made you wear a wristband that tracked your every move, and that even nudged you when it judg… https://t.co/yERq79UXlk",2018-02-02 21:05:40+00:00,0.0,0.0,0.0,1.0
@nytimes,42,"2. ""Zora Neale Hurston Fieldwork Footage"" (1928): The author and anthropologist's look at ordinary black Southerner… https://t.co/fH92EvgSL7",2018-02-02 20:55:00+00:00,0.0,0.0,0.0,1.0
@nytimes,43,"Fettuccine with sausage and fried sage makes an elegant, satisfying 30 minute meal https://t.co/m4Lz70zseM https://t.co/S7lyzy6ZLT",2018-02-02 20:47:14+00:00,0.7269,0.319,0.0,0.681
@nytimes,44,"Rebekah Martinez was reported missing in November, despite appearing on ""The Bachelor"" and being on social media https://t.co/uJQv5rmhwR",2018-02-02 20:30:19+00:00,-0.296,0.0,0.115,0.885
@nytimes,45,The worst flu season in nearly a decade has filled emergency rooms and strained resources at medical centers. “We t… https://t.co/QUNAGTqHQm,2018-02-02 20:15:11+00:00,-0.9001,0.0,0.429,0.571
@nytimes,46,"RT @jdelreal: My latest: The Brock Turner sexual assault case drew national outrage. Now, the effort to recall the judge has revealed sharp…",2018-02-02 20:05:03+00:00,-0.7964,0.0,0.253,0.747
@nytimes,47,These girls want to compete as Jamaica's first Olympic synchronized swimmers. Here's more good news: https://t.co/SBKv9OLdrl,2018-02-02 19:55:01+00:00,0.5413,0.243,0.0,0.757
@nytimes,48,RT @amyfiscus: What's NOT in the memo might be just as important as what is. @charlie_savage is annotating it live: https://t.co/XcmiuzQJ21,2018-02-02 19:44:52+00:00,0.2023,0.083,0.0,0.917
@nytimes,49,"The full text of the memo released by House Republicans, annotated https://t.co/aez7u496OC",2018-02-02 19:42:42+00:00,0.0,0.0,0.0,1.0
@nytimes,50,"RT @nytimesmusic: When Justin Timberlake was announced as the performer for this year’s Super Bowl halftime show, the memory of one of pop’…",2018-02-02 19:40:07+00:00,0.5994,0.151,0.0,0.849
@nytimes,51,The Charleston Gazette-Mail won a Pulitzer Prize last year for its dogged coverage of West Virginia's opioid crisis… https://t.co/Vo4wRzC00V,2018-02-02 19:30:13+00:00,0.7906,0.304,0.0,0.696
@nytimes,52,The memo released by House Republicans falls short of what some promised: that it would cast doubt on the origins o… https://t.co/zyKN3U0GUl,2018-02-02 19:23:03+00:00,0.0,0.1,0.1,0.8
@nytimes,53,Alec Baldwin skewers President Trump on SNL. And supports Woody Allen and James Toback. https://t.co/VMNgGI2KXj,2018-02-02 19:15:12+00:00,0.3612,0.152,0.0,0.848
@nytimes,54,An Arizona man said he sold 720 rounds of ammunition to the Las Vegas gunman https://t.co/nmsLE0yTQa,2018-02-02 19:00:18+00:00,0.0,0.0,0.0,1.0
@nytimes,55,"The Met isn’t trying to create a slasher opera. But this director is flooding the theater's stage with over 1,000 g… https://t.co/aeZybVQf2n",2018-02-02 18:50:09+00:00,0.2732,0.095,0.0,0.905
@nytimes,56,7 Humane Society board members have resigned in protest of a decision to keep the CEO in the job despite allegation… https://t.co/eaiS33dE1d,2018-02-02 18:40:01+00:00,-0.4588,0.0,0.182,0.818
@nytimes,57,Carter Page is at the center of the Republicans' newly released memo. @nytmag wrote a profile of him in December. https://t.co/bqV3u94G1b,2018-02-02 18:30:09+00:00,0.0,0.0,0.0,1.0
@nytimes,58,"Opinion: ""He went from being a devoted and loving father and husband to someone who felt like a ghost in our home"" https://t.co/mdIktGBLLF",2018-02-02 18:20:05+00:00,0.7783,0.32,0.081,0.599
@nytimes,59,Read the full text of the previously secret memo released by House Republicans https://t.co/0tuY7RCto4,2018-02-02 18:06:52+00:00,0.0,0.0,0.0,1.0
@nytimes,60,What changes are you seeing in how sexual harassment is being dealt with in your workplace and community? Share you… https://t.co/BMOUfAjBls,2018-02-02 17:53:08+00:00,-0.3182,0.089,0.142,0.769
@nytimes,61,"Our film critics, looking at the complex history of black filmmaking in America, chose 28 essential works. Consider… https://t.co/dX1ajrKxqP",2018-02-02 17:42:08+00:00,-0.296,0.0,0.109,0.891
@nytimes,62,"Here's how to experiment with augmented reality now
https://t.co/CNxYxZOwa0",2018-02-02 17:36:43+00:00,0.0,0.0,0.0,1.0
@nytimes,63,The memo alleges that senior government officials favored Democrats over Republicans and accuses federal law enforc… https://t.co/VEgZItK9xf,2018-02-02 17:20:07+00:00,0.1027,0.139,0.119,0.743
@nytimes,64,Breaking News: House Republicans released a secret memo claiming abuses against President Trump in the Russia inqui… https://t.co/Ip4aRiIOLS,2018-02-02 17:17:46+00:00,-0.5574,0.0,0.184,0.816
@nytimes,65,"The New York Times is about to expand our journalism so you can experience it in 3 dimensions, just by picking up y… https://t.co/0vKzJUYzGa",2018-02-02 17:08:23+00:00,0.3182,0.095,0.0,0.905
@nytimes,66,"RT @NYTHealth: Flu hospitalizations have soared, the C.D.C. reports, and the death rate may surpass the 2014-2015 season when 56,000 people…",2018-02-02 17:00:47+00:00,-0.7579,0.0,0.255,0.745
@nytimes,67,"We answer your questions about applying for The Edit, a newsletter created specifically for college students and re… https://t.co/Pq7THOg12Z",2018-02-02 16:53:05+00:00,0.25,0.105,0.0,0.895
@nytimes,68,You can afford a financial planner for about the price of a bundled cable bill https://t.co/bRPPOG3ywT,2018-02-02 16:38:03+00:00,0.0,0.0,0.0,1.0
@nytimes,69,"RT @nytimesworld: The Interpreter: Six scenarios for the future of Afghanistan, and all of them admitting a form of defeat https://t.co/wh8…",2018-02-02 16:13:04+00:00,-0.4588,0.0,0.136,0.864
@nytimes,70,A father of 2 women who spoke at the sentencing hearing of Larry Nassar lunged at him across a courtroom https://t.co/od7aeIgf5k,2018-02-02 16:03:09+00:00,-0.1531,0.0,0.086,0.914
@nytimes,71,"RT @LizAldermanNYT: ""My baby almost died."" How did corporate lapses and lax oversight allow hundreds of babies to get sick in France from s…",2018-02-02 15:44:05+00:00,-0.34,0.07,0.121,0.809
@nytimes,72,Opinion: Don't believe the liberal FBI https://t.co/7dDPM6wA6L,2018-02-02 15:30:20+00:00,0.0,0.0,0.0,1.0
@nytimes,73,"A bill in Poland sets prison penalties for using phrases like ""Polish death camps"" to refer to concentration camps… https://t.co/iivhPvXqlt",2018-02-02 15:20:11+00:00,-0.6908,0.097,0.28,0.623
@nytimes,74,"The second line of Canada's anthem will soon become ""True patriot love in all of us command"" rather than ""in all th… https://t.co/RjreK5q3Lu",2018-02-02 15:10:03+00:00,0.7906,0.25,0.0,0.75
@nytimes,75,"RT @matthewhaag: “We’d have no C.E.O.s and no executives of American companies if none of them had affairs,” Humane Society board member sa…",2018-02-02 15:08:54+00:00,-0.5267,0.0,0.173,0.827
@nytimes,76,Morning Briefing: Here's what you need to know to start your day https://t.co/89lgwl53d1 https://t.co/AGSKJqLiM4,2018-02-02 15:00:28+00:00,0.0,0.0,0.0,1.0
@nytimes,77,"""For probably, say, five minutes in actual, real time, I thought I was going to be a Super Bowl champion. And then,… https://t.co/nYWf9y4cSw",2018-02-02 14:49:04+00:00,0.8316,0.302,0.0,0.698
@nytimes,78,"The Simpsons predicted the Trump presidency, the discovery of the Higgs boson particle and Disney’s takeover of Fox https://t.co/EK5ocLTOyz",2018-02-02 14:40:08+00:00,0.0,0.0,0.0,1.0
@nytimes,79,"Video: What is a ""bloody nose"" strategy in North Korea? https://t.co/GhSxeXcnoH",2018-02-02 14:31:04+00:00,-0.4404,0.0,0.244,0.756
@nytimes,80,"Last month it seemed that Democrats might ride a giant tsunami to control of the House and Senate. Now, some are wo… https://t.co/9e6iUvA3TD",2018-02-02 14:16:05+00:00,0.0,0.0,0.0,1.0
@nytimes,81,"RT @HannaIngber: An inside look at how journalists try to make sense of jobs day, by @bencasselman https://t.co/5Z26HQ9ICH",2018-02-02 14:16:01+00:00,0.0,0.0,0.0,1.0
@nytimes,82,"Nearly 50 people suspected of using and selling drugs were killed by officers in the past 2 months, the Philippine… https://t.co/HXpB5hnnzt",2018-02-02 14:00:17+00:00,-0.7506,0.0,0.262,0.738
@nytimes,83,"A trucker intentionally drove his tractor-trailer off a roadway that runs through a 2,000-year-old United Nations W… https://t.co/OjCpF1OWcy",2018-02-02 13:50:06+00:00,0.4215,0.167,0.0,0.833
@nytimes,84,Do hangovers get worse as we age? https://t.co/MSdnwwqK6M,2018-02-02 13:40:05+00:00,-0.4767,0.0,0.307,0.693
@nytimes,85,"Breaking News: The U.S. economy added 200,000 jobs in January. It was the 88th straight month that hiring increased… https://t.co/ZAYyZIHcVO",2018-02-02 13:36:54+00:00,0.2263,0.091,0.0,0.909
@nytimes,86,"Jimmy Kimmel attacked Devin Nunes, a key figure in the release of the secret GOP memo. Our late-night roundup: https://t.co/TmGN2rcoa1",2018-02-02 13:30:18+00:00,-0.4588,0.0,0.143,0.857
@nytimes,87,"A Wisconsin teenager in the ""Slender Man"" stabbing case was sentenced to 40 years in a psychiatric hospital https://t.co/qQ7FEKRGT6",2018-02-02 13:20:10+00:00,-0.0258,0.0,0.064,0.936
@nytimes,88,"Devin Nunes, the man behind a secret Republican memo, has won praise from party members he once called ""lemmings in… https://t.co/DXlHhn4W7K",2018-02-02 13:11:02+00:00,0.875,0.37,0.0,0.63
@nytimes,89,Morning Briefing: Here's what you need to know to start your day https://t.co/oDTp0MoSzS https://t.co/6AyejpbtdL,2018-02-02 13:00:23+00:00,0.0,0.0,0.0,1.0
@nytimes,90,The White House has grown frustrated by what it considers the Pentagon's reluctance to provide President Trump with… https://t.co/CGYVkXjthq,2018-02-02 12:49:08+00:00,-0.7003,0.0,0.254,0.746
@nytimes,91,The board of the Humane Society decided to retain its CEO despite an investigation that has uncovered multiple hara… https://t.co/lpMhIxwuTy,2018-02-02 12:40:07+00:00,0.0,0.0,0.0,1.0
@nytimes,92,"President Trump accused law enforcement of politicizing investigations, hours before he was expected to allow the r… https://t.co/3FxckC2Xhc",2018-02-02 12:31:00+00:00,-0.0772,0.095,0.109,0.796
@nytimes,93,"The London mosque attacker had been bingeing for weeks on far-right material and ""seemed brainwashed,"" his girlfrie… https://t.co/E3CLMPUOFh",2018-02-02 12:29:04+00:00,-0.5719,0.0,0.179,0.821
@nytimes,94,Opinion: Trump is running a bottom-line presidency in which people who know better are asked to stay quiet in excha… https://t.co/EafqNsTXQh,2018-02-02 12:20:04+00:00,0.4404,0.132,0.0,0.868
@nytimes,95,A conversation with Scott Pruitt https://t.co/tKiyfriCyh,2018-02-02 12:10:05+00:00,0.0,0.0,0.0,1.0
@nytimes,96,"Trump's eagerness to see the GOP memo made public pitted him against his own top national security officials, who h… https://t.co/3pB8r9aphX",2018-02-02 12:00:34+00:00,0.7096,0.277,0.0,0.723
@nytimes,97,Fidel Ángel Castro Díaz-Balart played a prominent role in efforts to develop nuclear energy in Cuba https://t.co/tmFZIzDsey,2018-02-02 11:44:03+00:00,0.7003,0.343,0.0,0.657
@nytimes,98,Morning Briefing: Here's what you need to know to start your day https://t.co/VS3SqiOPjZ https://t.co/x15x7ymQmC,2018-02-02 11:30:15+00:00,0.0,0.0,0.0,1.0
@nytimes,99,"The boy had been found crying in a market in a refugee camp. Obviously, something bad had happened to him, but to t… https://t.co/jK5gGKMYlM",2018-02-02 11:15:05+00:00,-0.5106,0.0,0.177,0.823
